StartDate,EndDate,Status,IPAddress,Progress,Duration (in seconds),Finished,RecordedDate,ResponseId,RecipientLastName,RecipientFirstName,RecipientEmail,ExternalReference,LocationLatitude,LocationLongitude,DistributionChannel,UserLanguage,Q29,Q1,Q11,Q17,Q17,Q19,Q21,Q26,Q27,Q28,Q18,Q20,Q23,Q24,Q26,Q27,Q29 - Topics
Start Date,End Date,Response Type,IP Address,Progress,Duration (in seconds),Finished,Recorded Date,Response ID,Recipient Last Name,Recipient First Name,Recipient Email,External Data Reference,Location Latitude,Location Longitude,Distribution Channel,User Language,What are your initials?,Agency Name,Park or Trails,Site Entrance Number,What month is it?,What day of the month is it?,What is the year?,Which timeslot best represents the time you will be onsite to conduct the count?,Is this a scheduled count? (was this count originally scheduled for the date and timeblock previously indicated?),"If not, when was it scheduled? Include date and time.","Bikes

Indicate total number of bikes, tricycles, unicycles, motorcycles. Count people, not the number of bikes. If there are 2 people on 1 bike, count it as 2.","Pedestrian/Skaters

Indicate total number of walkers, joggers, runners, baby strollers, skateboarders, inline and roller skaters, people in wheelchairs, etc.","Vehicles

Indicate total number of cars, vans, pickup trucks, and metro mobility van/buses.

Count the number of vehicles, not the number of people in them.","Buses

Indicate total number of charter, school, church group vehicles that hold more than 8 people. Be sure that the bus enters the park. Metro Transit buses on regular routes never enter parks and are NOT counted. 

Count the number of buses, not the number of people in them.","Horse Riders

Indicate total number of people on horses, not the number of horses. Two people on one horse =2 visits. Do not count mounted police or park patrols.","Boaters

Indicate total number of people arriving at the park by boat, not those towing a boat (that's counted in the vehicle category).",Q29 - Topics
"{""ImportId"":""startDate"",""timeZone"":""America/Chicago""}","{""ImportId"":""endDate"",""timeZone"":""America/Chicago""}","{""ImportId"":""status""}","{""ImportId"":""ipAddress""}","{""ImportId"":""progress""}","{""ImportId"":""duration""}","{""ImportId"":""finished""}","{""ImportId"":""recordedDate"",""timeZone"":""America/Chicago""}","{""ImportId"":""_recordId""}","{""ImportId"":""recipientLastName""}","{""ImportId"":""recipientFirstName""}","{""ImportId"":""recipientEmail""}","{""ImportId"":""externalDataReference""}","{""ImportId"":""locationLatitude""}","{""ImportId"":""locationLongitude""}","{""ImportId"":""distributionChannel""}","{""ImportId"":""userLanguage""}","{""ImportId"":""QID29_TEXT""}","{""ImportId"":""QID1""}","{""ImportId"":""QID11""}","{""ImportId"":""QID17_TEXT""}","{""ImportId"":""QID41""}","{""ImportId"":""QID43""}","{""ImportId"":""QID45""}","{""ImportId"":""QID26""}","{""ImportId"":""QID27""}","{""ImportId"":""QID28_TEXT""}","{""ImportId"":""QID30_TEXT""}","{""ImportId"":""QID48_TEXT""}","{""ImportId"":""QID35_TEXT""}","{""ImportId"":""QID36_TEXT""}","{""ImportId"":""QID38_TEXT""}","{""ImportId"":""QID39_TEXT""}","{""ImportId"":""QID29_TEXT_77540d44a0a84b7c96d62ef5Topics""}"
5/27/2018 18:03,5/27/2018 18:05,Offline,97.116.7.220,100,0,TRUE,5/27/2018 18:06,R_j8vnJQQlxrY6Y4Q,,,,,44.980159,-93.079895,,EN,GE,Ramsey County,Long Lake Regional Park,1,May,27,2018,2:00-4:00 PM,Yes,,1,3,198,0,0,0,Unknown
5/27/2018 18:02,5/27/2018 18:03,Offline,97.116.7.220,100,0,TRUE,5/27/2018 18:06,R_iOuvHMO6ZszM2uQ,,,,,44.980159,-93.079895,,EN,GE,Ramsey County,Rice Creek West Regional Trail,1,May,27,2018,12:00-2:00 PM,Yes,,0,0,0,0,0,0,Unknown
5/30/2018 7:45,5/30/2018 7:46,IP Address,156.98.134.224,100,15,TRUE,5/30/2018 7:46,R_3FOnY281rjtoosm,,,,,44.980159,-93.079895,anonymous,EN,GE,Ramsey County,Rice Creek North Regional Trail,2,May,27,2018,10:00-12:00 PM,Yes,,23,51,0,0,0,0,Unknown
5/27/2018 12:04,5/27/2018 12:06,Offline,156.98.179.1,100,0,TRUE,5/30/2018 8:21,R_1pk6xYisMzm2XlS,,,,,44.92779541,-93.11620331,,EN,RL,Ramsey County,Keller Regional Park,1,May,27,2018,10:00-12:00 PM,Yes,,1,9,40,0,0,0,Unknown
5/27/2018 9:13,5/27/2018 10:11,Offline,156.98.179.1,100,0,TRUE,5/30/2018 8:21,R_fpwuDl1lvR8BHmb,,,,,44.92779541,-93.11620331,,EN,KL,Ramsey County,Lakes Link Regional Trail,6,May,27,2018,8:00-10:00 AM,Yes,,6,12,0,0,0,0,Unknown
5/26/2018 10:16,5/26/2018 10:20,Offline,156.98.179.1,100,0,TRUE,5/30/2018 8:21,R_nbRRa1df1sOJVhn,,,,,44.92779541,-93.11620331,,EN,RL,Ramsey County,Birch Lake Regional Park,6,May,26,2018,8:00-10:00 AM,Yes,,1,3,0,0,0,0,Unknown
5/30/2018 8:28,5/30/2018 8:29,IP Address,156.98.134.224,100,78,TRUE,5/30/2018 8:29,R_1BRvPggLoKqGTUC,,,,,44.92779541,-93.11620331,anonymous,EN,RL,Ramsey County,Highway 96 Regional Trail,8,May,26,2018,10:00-12:00 PM,Yes,,6,2,0,0,0,0,Unknown
5/30/2018 12:15,5/30/2018 12:17,Offline,97.116.7.220,100,0,TRUE,5/30/2018 12:19,R_bFavPMram9Ey78v,,,,,44.979908,-93.079865,,EN,GE,Ramsey County,Rice Creek North Regional Trail,1,May,29,2018,10:00-12:00 PM,Yes,,6,7,7,1,0,0,Unknown
5/30/2018 12:12,5/30/2018 12:14,Offline,97.116.7.220,100,0,TRUE,5/30/2018 12:19,R_aSqDsWBacnVduF0,,,,,44.979973,-93.080088,,EN,GE,Ramsey County,Rice Creek West Regional Trail,1,May,29,2018,8:00-10:00 AM,Yes,,1,0,0,0,0,0,Unknown
6/6/2018 13:39,6/6/2018 13:40,Offline,97.116.7.220,100,0,TRUE,6/6/2018 13:40,R_7aJ3IBCxYXSuLNc,,,,,44.980186,-93.079934,,EN,GE,Ramsey County,Keller Regional Park,7,June,5,2018,12:00-2:00 PM,Yes,,0,0,17,0,0,0,Unknown
6/6/2018 13:37,6/6/2018 13:39,Offline,97.116.7.220,100,0,TRUE,6/6/2018 13:40,R_9kQKH2YI1NxxRLa,,,,,44.98018,-93.079952,,EN,GE,Ramsey County,Long Lake Regional Park,1,June,5,2018,10:00-12:00 PM,Yes,,6,6,63,2,0,0,Unknown
6/6/2018 13:36,6/6/2018 13:37,Offline,97.116.7.220,100,0,TRUE,6/6/2018 13:40,R_7p4gsQvKAi9NRxl,,,,,44.9802,-93.0799,,EN,GE,Ramsey County,Highway 96 Regional Trail,4,June,2,2018,2:00-4:00 PM,Yes,,1,0,0,0,0,0,Unknown
6/6/2018 13:34,6/6/2018 13:36,Offline,97.116.7.220,100,0,TRUE,6/6/2018 13:40,R_d2BaRKN2IKQSKmG,,,,,44.980002,-93.079797,,EN,GE,Ramsey County,Birch Lake Regional Park,1,June,2,2018,12:00-2:00 PM,Yes,,0,0,0,0,0,0,Unknown
6/1/2018 12:34,6/1/2018 12:38,Offline,97.116.7.220,100,0,TRUE,6/6/2018 13:40,R_aJUTqeeOftKlDMA,,,,,44.99999,-93.022717,,EN,GE,Ramsey County,Lakes Link Regional Trail,9,June,1,2018,10:00-12:00 PM,Yes,,13,21,0,0,0,0,Unknown
6/1/2018 12:32,6/1/2018 12:34,Offline,97.116.7.220,100,0,TRUE,6/6/2018 13:40,R_epvPZcwacu8bfND,,,,,45.000001,-93.022692,,EN,GE,Ramsey County,Rice Creek North Regional Trail,1,May,31,2018,4:00-6:00 PM,Yes,,5,6,5,0,0,0,Unknown
6/1/2018 12:29,6/1/2018 12:31,Offline,97.116.7.220,100,0,TRUE,6/6/2018 13:40,R_6T36AlQvsd80igP,,,,,45.000048,-93.022711,,EN,GE,Ramsey County,Rice Creek West Regional Trail,1,May,31,2018,2:00-4:00 PM,Yes,,12,1,0,0,0,0,Unknown
6/9/2018 18:00,6/9/2018 18:01,Offline,97.116.7.220,100,0,TRUE,6/9/2018 18:04,R_4S7Zov38iDAZ68v,,,,,44.979988,-93.0797,,EN,GE,Ramsey County,Keller Regional Park,8,June,9,2018,12:00-2:00 PM,Yes,,11,6,0,0,0,0,Unknown
6/9/2018 17:59,6/9/2018 18:00,Offline,97.116.7.220,100,0,TRUE,6/9/2018 18:05,R_k7bTLPhLwcmVfda,,,,,44.980064,-93.079803,,EN,GE,Ramsey County,Grass-Vadnais-Snail Lake Regional Park,13,June,9,2018,10:00-12:00 PM,Yes,,0,0,5,0,0,0,Unknown
6/9/2018 17:58,6/9/2018 17:59,Offline,97.116.7.220,100,0,TRUE,6/9/2018 18:05,R_00qMf3v6YFzDgqc,,,,,44.980158,-93.079906,,EN,GE,Ramsey County,Birch Lake Regional Park,3,June,8,2018,6:00-8:00 PM,Yes,,1,0,0,0,0,0,Unknown
6/9/2018 17:56,6/9/2018 17:58,Offline,97.116.7.220,100,0,TRUE,6/9/2018 18:05,R_oLH99gXpO78hWHI,,,,,44.979958,-93.079875,,EN,GE,Ramsey County,Grass-Vadnais-Snail Lake Regional Park,1,June,8,2018,4:00-6:00 PM,Yes,,12,11,23,0,0,0,Unknown
6/9/2018 20:42,6/9/2018 20:43,Offline,73.164.80.83,100,0,TRUE,6/9/2018 20:44,R_ex5uEDUtMhchLPE,,,,,45.055557,-92.953342,,EN,LM,Ramsey County,Bald Eagle-Otter Lake Regional Park,9,June,9,2018,8:00-10:00 AM,Yes,,0,0,0,0,0,0,Unknown
6/8/2018 20:36,6/8/2018 20:37,Offline,73.164.80.83,100,0,TRUE,6/9/2018 20:44,R_0HyOt1wiWAkOq4T,,,,,45.056096,-92.952066,,EN,LM,Ramsey County,Bald Eagle-Otter Lake Regional Park,3,June,8,2018,6:00-8:00 PM,Yes,,0,2,32,0,0,0,Unknown
6/8/2018 20:35,6/8/2018 20:36,Offline,73.164.80.83,100,0,TRUE,6/9/2018 20:44,R_fA2iVkYCK2jrjdA,,,,,45.056004,-92.952109,,EN,LM,Ramsey County,Rice Creek North Regional Trail,1,June,8,2018,8:00-10:00 AM,Yes,,4,7,4,0,0,0,Unknown
6/5/2018 12:40,6/5/2018 12:41,Offline,73.164.80.83,100,0,TRUE,6/9/2018 20:44,R_8cQrMndG95qej6z,,,,,45.056048,-92.952119,,EN,LM,Ramsey County,Long Lake Regional Park,4,June,5,2018,10:00-12:00 PM,Yes,,17,11,11,1,0,0,Unknown
6/5/2018 12:38,6/5/2018 12:39,Offline,73.164.80.83,100,0,TRUE,6/9/2018 20:44,R_fCPd8Yskl6CbEHk,,,,,45.055928,-92.952377,,EN,LM,Ramsey County,Keller Regional Park,8,June,5,2018,8:00-10:00 AM,Yes,,15,9,0,0,0,0,Unknown
6/15/2018 0:59,6/15/2018 1:01,Offline,66.41.13.58,100,0,TRUE,6/15/2018 1:02,R_37prd6JbdImSNuD,,,,,45.01409912,-93.03050232,,EN,EL,Ramsey County,Bruce Vento Regional Trail,12,June,7,2018,4:00-6:00 PM,No,5/31/2018 16:00,7,7,0,0,0,0,Unknown
6/15/2018 0:56,6/15/2018 0:59,Offline,66.41.13.58,100,0,TRUE,6/15/2018 1:02,R_kl3bQhiFuiDcaAE,,,,,45.01409912,-93.03050232,,EN,EL,Ramsey County,Battle Creek Regional Park,3,June,7,2018,2:00-4:00 PM,No,5/31/2018 14:00,2,0,24,0,0,0,Unknown
6/15/2018 0:55,6/15/2018 0:56,Offline,66.41.13.58,100,0,TRUE,6/15/2018 1:02,R_iG7YRh0NtAUimao,,,,,45.01409912,-93.03050232,,EN,EL,Ramsey County,Bruce Vento Regional Trail,1,June,6,2018,6:00-8:00 PM,Yes,,1,3,0,0,0,0,Unknown
6/15/2018 0:53,6/15/2018 0:55,Offline,66.41.13.58,100,0,TRUE,6/15/2018 1:02,R_h1Otzn1J4HndvqG,,,,,45.01409912,-93.03050232,,EN,EL,Ramsey County,Battle Creek Regional Park,1,June,6,2018,4:00-6:00 PM,Yes,,1,3,41,1,0,0,Unknown
6/15/2018 0:46,6/15/2018 0:53,Offline,66.41.13.58,100,0,TRUE,6/15/2018 1:02,R_aNWO650LdXs68Ai,,,,,45.01409912,-93.03050232,,EN,EL,Ramsey County,Trout Brook Regional Trail,2,May,28,2018,2:00-4:00 PM,Yes,,3,1,0,0,0,0,Unknown
6/15/2018 20:27,6/15/2018 20:29,Offline,71.34.31.7,100,0,TRUE,6/15/2018 20:29,R_ljVAVaz2PxoQIBY,,,,,44.980033,-93.079852,,EN,GE,Ramsey County,Bruce Vento Regional Trail,9,June,15,2018,12:00-2:00 PM,Yes,,1,1,0,0,0,0,Unknown
6/15/2018 20:25,6/15/2018 20:27,Offline,71.34.31.7,100,0,TRUE,6/15/2018 20:29,R_0G8ZOk7DegzoPG1,,,,,44.980052,-93.079857,,EN,GE,Ramsey County,Trout Brook Regional Trail,3,June,12,2018,10:00-12:00 PM,Yes,,3,4,0,0,0,0,Unknown
6/15/2018 20:24,6/15/2018 20:25,Offline,71.34.31.7,100,0,TRUE,6/15/2018 20:29,R_mnnG5Uwto1bxiIP,,,,,44.980185,-93.079854,,EN,GE,Ramsey County,Keller Regional Park,7,June,10,,12:00-2:00 PM,Yes,,0,0,34,0,0,0,Unknown
6/22/2018 20:33,6/22/2018 20:34,Offline,71.34.23.86,100,0,TRUE,6/22/2018 20:34,R_9ZwQFG8K5TOxMsZ,,,,,44.980061,-93.079881,,EN,GE,Ramsey County,Highway 96 Regional Trail,8,June,20,2018,4:00-6:00 PM,Yes,,2,4,0,0,0,0,Unknown
6/22/2018 20:31,6/22/2018 20:32,Offline,71.34.23.86,100,0,TRUE,6/22/2018 20:34,R_ban4YjxjvUh1e4H,,,,,44.979954,-93.079757,,EN,GE,Ramsey County,Bruce Vento Regional Trail,2,June,19,2018,8:00-10:00 AM,Yes,,6,7,0,0,0,0,Unknown
6/22/2018 20:29,6/22/2018 20:31,Offline,71.34.23.86,100,0,TRUE,6/22/2018 20:34,R_b505tQZUC3EFHMN,,,,,44.979918,-93.079728,,EN,GE,Ramsey County,Trout Brook Regional Trail,2,June,17,2018,10:00-12:00 PM,Yes,,6,0,0,0,0,0,Unknown
6/22/2018 20:28,6/22/2018 20:29,Offline,71.34.23.86,100,0,TRUE,6/22/2018 20:34,R_atHKIcueZMJ6zgQ,,,,,44.979896,-93.079775,,EN,GE,Ramsey County,Bald Eagle-Otter Lake Regional Park,3,June,16,2018,2:00-4:00 PM,Yes,,0,0,30,0,0,0,Unknown
6/22/2018 20:26,6/22/2018 20:28,Offline,71.34.23.86,100,0,TRUE,6/22/2018 20:34,R_lzN6LjgGlqrdk3D,,,,,44.979898,-93.07984,,EN,GE,Ramsey County,Trout Brook Regional Trail,1,June,16,2018,10:00-12:00 PM,No,6/23/2018  10:00-12:00,0,0,0,0,0,0,Unknown
6/26/2018 11:06,6/26/2018 11:07,Offline,73.164.80.83,100,0,TRUE,6/26/2018 11:07,R_3DZV5EjgZoIYWko,,,,,45.055675,-92.952427,,EN,LM,Ramsey County,Lakes Link Regional Trail,1,June,25,2018,10:00-12:00 PM,Yes,,17,21,0,0,0,0,Unknown
6/26/2018 11:04,6/26/2018 11:05,Offline,73.164.80.83,100,0,TRUE,6/26/2018 11:07,R_fT08xmyWT1iNHAm,,,,,45.055656,-92.952346,,EN,LM,Ramsey County,Bald Eagle-Otter Lake Regional Park,2,June,24,2018,8:00-10:00 AM,Yes,,0,4,25,0,0,0,Unknown
6/26/2018 11:03,6/26/2018 11:04,Offline,73.164.80.83,100,0,TRUE,6/26/2018 11:07,R_9ybLSj1RwzfPZex,,,,,45.055778,-92.952221,,EN,LM,Ramsey County,Bald Eagle-Otter Lake Regional Park,1,June,20,2018,8:00-10:00 AM,Yes,,0,4,8,0,0,0,Unknown
6/26/2018 11:00,6/26/2018 11:01,Offline,73.164.80.83,100,0,TRUE,6/26/2018 11:07,R_8nXiZz31V3kqypy,,,,,45.055933,-92.952204,,EN,LM,Ramsey County,Battle Creek Regional Park,10,June,19,2018,10:00-12:00 PM,Yes,,0,0,15,0,0,0,Unknown
6/19/2018 12:09,6/19/2018 12:10,Offline,73.164.80.83,100,0,TRUE,6/26/2018 11:07,R_lJ8hYJSWqaDCqtU,,,,,45.055703,-92.952341,,EN,LM,Ramsey County,Battle Creek Regional Park,10,June,10,2018,10:00-12:00 PM,Yes,,0,0,15,0,0,0,Unknown
6/26/2018 21:31,6/26/2018 21:32,Offline,71.34.23.86,100,0,TRUE,6/26/2018 21:33,R_mwwjkhuK8n0aWrV,,,,,44.980009,-93.079781,,EN,GE,Ramsey County,Lakes Link Regional Trail,9,June,25,2018,4:00-6:00 PM,Yes,,18,49,0,0,0,0,Unknown
6/26/2018 21:29,6/26/2018 21:31,Offline,71.34.23.86,100,0,TRUE,6/26/2018 21:33,R_5jcXAKxc1KzW6bR,,,,,44.980054,-93.079798,,EN,GE,Ramsey County,Bruce Vento Regional Trail,4,June,23,2018,4:00-6:00 PM,Yes,,3,0,0,0,0,0,Unknown
6/26/2018 21:28,6/26/2018 21:29,Offline,71.34.23.86,100,0,TRUE,6/26/2018 21:33,R_mW3MNeewO5bVA6X,,,,,44.980007,-93.079744,,EN,GE,Ramsey County,Keller Regional Park,7,June,23,2018,12:00-2:00 PM,Yes,,0,0,67,0,0,0,Unknown
6/26/2018 21:26,6/26/2018 21:28,Offline,71.34.23.86,100,0,TRUE,6/26/2018 21:33,R_gkv5jtzIhBck8Dv,,,,,44.980021,-93.079856,,EN,GE,Ramsey County,Rice Creek West Regional Trail,1,June,23,2018,10:00-12:00 PM,Yes,,2,1,0,0,0,0,Unknown
6/26/2018 23:45,6/26/2018 23:46,Offline,66.41.13.58,100,0,TRUE,6/26/2018 23:46,R_lsaBTWEUDc3b2Wm,,,,,44.999075,-93.002261,,EN,EL,Ramsey County,Trout Brook Regional Trail,4,June,26,2018,6:00-8:00 PM,Yes,,0,0,0,0,0,0,Unknown
6/26/2018 23:44,6/26/2018 23:45,Offline,66.41.13.58,100,0,TRUE,6/26/2018 23:46,R_oePbsDn3YivYVAk,,,,,44.999075,-93.002261,,EN,EL,Ramsey County,Bruce Vento Regional Trail,1,June,23,2018,6:00-8:00 PM,Yes,,2,0,0,0,0,0,Unknown
6/26/2018 23:41,6/26/2018 23:43,Offline,66.41.13.58,100,1,TRUE,6/26/2018 23:46,R_arYDJMSXAMMq51s,,,,,44.999075,-93.002261,,EN,EL,Ramsey County,Battle Creek Regional Park,3,June,23,2018,4:00-6:00 PM,Yes,,1,3,11,0,0,0,Unknown
6/26/2018 23:39,6/26/2018 23:41,Offline,66.41.13.58,100,0,TRUE,6/26/2018 23:47,R_axi3oTbSo7DTxjW,,,,,44.998928,-93.002352,,EN,EL,Ramsey County,Battle Creek Regional Park,22,June,23,2018,2:00-4:00 PM,Yes,,2,0,0,0,0,0,Unknown
6/26/2018 23:38,6/26/2018 23:39,Offline,66.41.13.58,100,0,TRUE,6/26/2018 23:47,R_clKfIzLZbGdDgUL,,,,,44.999164,-93.002607,,EN,EL,Ramsey County,Trout Brook Regional Trail,2,June,20,2018,6:00-8:00 PM,Yes,,9,0,0,0,0,0,Unknown
6/26/2018 23:36,6/26/2018 23:38,Offline,66.41.13.58,100,0,TRUE,6/26/2018 23:47,R_jUve8BHFCPkcmpe,,,,,44.999164,-93.002607,,EN,EL,Ramsey County,Trout Brook Regional Trail,2,June,19,2018,2:00-4:00 PM,Yes,,0,1,0,0,0,0,Unknown
6/26/2018 23:34,6/26/2018 23:36,Offline,66.41.13.58,100,0,TRUE,6/26/2018 23:47,R_3t8q9SaMmQnoh7F,,,,,44.999008,-93.002484,,EN,EL,Ramsey County,Battle Creek Regional Park,24,June,15,2018,2:00-4:00 PM,Yes,,0,4,0,0,0,0,Unknown
7/11/2018 16:47,7/11/2018 16:48,Offline,71.34.25.151,100,0,TRUE,7/11/2018 16:48,R_avQ97ufUsKUyubr,,,,,44.980064,-93.079848,,EN,GE,Ramsey County,Trout Brook Regional Trail,2,July,11,2018,12:00-2:00 PM,Yes,,0,12,0,0,0,0,Unknown
7/11/2018 16:45,7/11/2018 16:46,Offline,71.34.25.151,100,0,TRUE,7/11/2018 16:48,R_6TEB2y88xbY2Bv7,,,,,44.980005,-93.079782,,EN,GE,Ramsey County,Lakes Link Regional Trail,5,July,11,2018,10:00-12:00 PM,Yes,,2,10,0,0,0,0,Unknown
7/11/2018 16:44,7/11/2018 16:45,Offline,71.34.25.151,100,0,TRUE,7/11/2018 16:48,R_bwdWTQNx4DygANE,,,,,44.98005,-93.079809,,EN,GE,Ramsey County,Bald Eagle-Otter Lake Regional Park,3,July,9,2018,6:00-8:00 PM,Yes,,0,0,19,0,0,0,Unknown
7/11/2018 16:43,7/11/2018 16:44,Offline,71.34.25.151,100,0,TRUE,7/11/2018 16:48,R_5cMPynINVHh3k1d,,,,,44.979992,-93.079782,,EN,GE,Ramsey County,Bald Eagle-Otter Lake Regional Park,8,July,9,2018,4:00-6:00 PM,Yes,,0,0,0,0,0,0,Unknown
7/11/2018 16:40,7/11/2018 16:42,Offline,71.34.25.151,100,0,TRUE,7/11/2018 16:48,R_3BMwWK6kM9Lfbl8,,,,,44.980017,-93.07982,,EN,GE,Ramsey County,Keller Regional Park,7,July,9,2018,12:00-2:00 PM,Yes,,0,0,13,0,0,0,Unknown
7/11/2018 16:38,7/11/2018 16:40,Offline,71.34.25.151,100,0,TRUE,7/11/2018 16:48,R_50SEGVWtMztaBJA,,,,,44.980049,-93.079809,,EN,GE,Ramsey County,Lakes Link Regional Trail,6,July,8,2018,6:00-8:00 PM,Yes,,10,16,0,0,0,0,Unknown
7/11/2018 16:37,7/11/2018 16:38,Offline,71.34.25.151,100,0,TRUE,7/11/2018 16:48,R_eNSnNtza4Ac6rl3,,,,,44.980017,-93.07982,,EN,GE,Ramsey County,Highway 96 Regional Trail,10,July,8,2018,4:00-6:00 PM,Yes,,2,0,0,0,0,0,Unknown
7/11/2018 16:35,7/11/2018 16:36,Offline,71.34.25.151,100,0,TRUE,7/11/2018 16:48,R_hukt5eQqBM5y6Zu,,,,,44.980059,-93.079852,,EN,GE,Ramsey County,Rice Creek North Regional Trail,1,July,7,,10:00-12:00 PM,Yes,,21,12,11,0,0,0,Unknown
7/11/2018 16:34,7/11/2018 16:35,Offline,71.34.25.151,100,0,TRUE,7/11/2018 16:48,R_kMhk3JsmPo3zWeZ,,,,,44.979947,-93.079747,,EN,GE,Ramsey County,Bald Eagle-Otter Lake Regional Park,3,July,5,2018,12:00-2:00 PM,Yes,,0,0,17,0,0,0,Unknown
7/11/2018 16:32,7/11/2018 16:34,Offline,71.34.25.151,100,0,TRUE,7/11/2018 16:48,R_otok0p4MriPbaWr,,,,,44.980017,-93.079812,,EN,GE,Ramsey County,Bruce Vento Regional Trail,16,July,1,2018,10:00-12:00 PM,Yes,,0,0,0,0,0,0,Unknown
7/11/2018 16:31,7/11/2018 16:32,Offline,71.34.25.151,100,0,TRUE,7/11/2018 16:48,R_9lf55MnF3i7w2N0,,,,,44.979946,-93.079748,,EN,GE,Ramsey County,Birch Lake Regional Park,3,June,30,,12:00-2:00 PM,Yes,,1,0,0,0,0,0,Unknown
7/11/2018 16:29,7/11/2018 16:31,Offline,71.34.25.151,100,0,TRUE,7/11/2018 16:48,R_8emcZku3OUCAWD4,,,,,44.979886,-93.079758,,EN,GE,Ramsey County,Lakes Link Regional Trail,3,June,28,2018,6:00-8:00 PM,Yes,,7,31,0,0,0,0,Unknown
7/11/2018 16:27,7/11/2018 16:29,Offline,71.34.25.151,100,0,TRUE,7/11/2018 16:48,R_0kkeOxVbymF2PhU,,,,,44.980005,-93.079783,,EN,GE,Ramsey County,Bruce Vento Regional Trail,1,June,27,2018,8:00-10:00 AM,Yes,,8,2,0,0,0,0,Unknown
7/12/2018 11:58,7/12/2018 11:59,Offline,24.118.212.246,100,0,TRUE,7/23/2018 9:27,R_2DAiuzyziLi0msf,,,,,45.07240295,-93.18740082,,EN,Bb,Ramsey County,Rice Creek West Regional Trail,2,July,10,2018,4:00-6:00 PM,Yes,,14,18,22,0,0,0,Unknown
7/12/2018 11:56,7/12/2018 11:58,Offline,24.118.212.246,100,0,TRUE,7/23/2018 9:27,R_eMxBCqpYogH6hkN,,,,,45.07240295,-93.18740082,,EN,Bb,Ramsey County,Rice Creek North Regional Trail,7,July,10,2018,2:00-4:00 PM,Yes,,12,14,16,0,0,0,Unknown
7/12/2018 11:55,7/12/2018 11:56,Offline,24.118.212.246,100,0,TRUE,7/23/2018 9:27,R_8A9AJbZA3Xhw2QI,,,,,45.07240295,-93.18740082,,EN,Bb,Ramsey County,Rice Creek West Regional Trail,1,July,8,2018,4:00-6:00 PM,Yes,,14,15,12,0,0,0,Unknown
7/12/2018 11:53,7/12/2018 11:55,Offline,24.118.212.246,100,0,TRUE,7/23/2018 9:27,R_lQtpWavZEY2v8vl,,,,,45.07240295,-93.18740082,,EN,Bb,Ramsey County,Rice Creek North Regional Trail,2,July,8,2018,2:00-4:00 PM,Yes,,14,17,10,0,0,0,Unknown
7/12/2018 11:51,7/12/2018 11:53,Offline,24.118.212.246,100,0,TRUE,7/23/2018 9:27,R_bO2S42fPHv3gdTB,,,,,45.07240295,-93.18740082,,EN,Bb,Ramsey County,Rice Creek West Regional Trail,1,July,7,2018,12:00-2:00 PM,Yes,,12,16,10,0,0,0,Unknown
7/12/2018 11:49,7/12/2018 11:51,Offline,24.118.212.246,100,0,TRUE,7/23/2018 9:27,R_hO3eejubd6Q3vxE,,,,,45.07240295,-93.18740082,,EN,Bb,Ramsey County,Highway 96 Regional Trail,3,July,7,2018,10:00-12:00 PM,Yes,,13,16,7,0,0,0,Unknown
7/12/2018 11:48,7/12/2018 11:49,Offline,24.118.212.246,100,0,TRUE,7/23/2018 9:27,R_euw8oeUOSsxiOOA,,,,,45.07240295,-93.18740082,,EN,Bb,Ramsey County,Grass-Vadnais-Snail Lake Regional Park,5,July,5,2018,2:00-4:00 PM,Yes,,13,12,8,0,0,0,Unknown
7/12/2018 11:45,7/12/2018 11:48,Offline,24.118.212.246,100,0,TRUE,7/23/2018 9:27,R_bczL2eM28YGEfun,,,,,45.07240295,-93.18740082,,EN,Bb,Ramsey County,Tony Schmidt Regional Park,1,July,1,2018,6:00-8:00 PM,Yes,,15,16,10,0,0,0,Unknown
7/12/2018 11:44,7/12/2018 11:45,Offline,24.118.212.246,100,0,TRUE,7/23/2018 9:27,R_dDcoW0B9exSdz5A,,,,,45.07240295,-93.18740082,,EN,Bb,Ramsey County,Highway 96 Regional Trail,4,July,1,2018,12:00-2:00 PM,Yes,,6,9,10,0,0,0,Unknown
7/12/2018 11:41,7/12/2018 11:44,Offline,24.118.212.246,100,0,TRUE,7/23/2018 9:27,R_mtEyJScAJAzspZY,,,,,45.07240295,-93.18740082,,EN,Bb,Ramsey County,Highway 96 Regional Trail,13,June,30,2018,2:00-4:00 PM,Yes,,13,15,6,0,0,0,Unknown
7/12/2018 11:39,7/12/2018 11:41,Offline,24.118.212.246,100,0,TRUE,7/23/2018 9:27,R_jLPdkruTIsPoGCd,,,,,45.07240295,-93.18740082,,EN,Bb,Ramsey County,Long Lake Regional Park,1,June,28,2018,4:00-6:00 PM,Yes,,20,25,98,2,0,0,Unknown
7/12/2018 11:37,7/12/2018 11:38,Offline,24.118.212.246,100,0,TRUE,7/23/2018 9:27,R_0RxGuCXAfv1vP85,,,,,45.07240295,-93.18740082,,EN,Bb,Ramsey County,Tony Schmidt Regional Park,1,June,26,2018,4:00-6:00 PM,Yes,,18,20,7,0,0,0,Unknown
7/11/2018 22:00,7/11/2018 22:01,Offline,24.118.212.246,100,0,TRUE,7/23/2018 9:27,R_44vpEiY0MDbPfA1,,,,,45.07240295,-93.18740082,,EN,Bb,Ramsey County,Long Lake Regional Park,1,June,24,2018,4:00-6:00 PM,Yes,,8,12,7,0,0,0,Unknown
7/11/2018 21:58,7/11/2018 21:59,Offline,24.118.212.246,100,0,TRUE,7/23/2018 9:27,R_iZMTLvaQXAb6ncR,,,,,45.07240295,-93.18740082,,EN,Bb,Ramsey County,Grass-Vadnais-Snail Lake Regional Park,2,June,24,2018,10:00-12:00 PM,Yes,,14,8,13,0,0,0,Unknown
7/11/2018 21:56,7/11/2018 21:58,Offline,24.118.212.246,100,0,TRUE,7/23/2018 9:27,R_g5WCbPJqfraw2ob,,,,,45.07240295,-93.18740082,,EN,Bb,Ramsey County,Rice Creek North Regional Trail,2,June,23,2018,12:00-2:00 PM,Yes,,10,9,8,0,0,0,Unknown
7/11/2018 21:54,7/11/2018 21:55,Offline,24.118.212.246,100,0,TRUE,7/23/2018 9:27,R_aGH4FNldi9HOBY2,,,,,45.07240295,-93.18740082,,EN,Bb,Ramsey County,Long Lake Regional Park,1,June,23,2018,10:00-12:00 PM,Yes,,20,15,24,0,0,0,Unknown
7/11/2018 21:51,7/11/2018 21:54,Offline,24.118.212.246,100,0,TRUE,7/23/2018 9:27,R_12qhaQIzh9LDnvD,,,,,45.07240295,-93.18740082,,EN,Bb,Ramsey County,Tony Schmidt Regional Park,2,June,23,2018,8:00-10:00 AM,Yes,,15,18,20,0,0,0,Unknown
6/28/2018 14:33,7/11/2018 21:51,Offline,24.118.212.246,100,0,TRUE,7/23/2018 9:27,R_frAQmH06qaxZz1c,,,,,45.07240295,-93.18740082,,EN,Bb,Ramsey County,Highway 96 Regional Trail,8,June,9,2018,10:00-12:00 PM,Yes,,10,15,20,0,0,0,Unknown
6/28/2018 14:30,6/28/2018 14:33,Offline,24.118.212.246,100,0,TRUE,7/23/2018 9:27,R_i1N1qX0kWA99G4M,,,,,45.07240295,-93.18740082,,EN,Bb,Ramsey County,Long Lake Regional Park,1,June,24,2018,4:00-6:00 PM,No,July 1st 4-6,18,16,98,0,0,0,Unknown
6/14/2018 9:08,6/14/2018 9:09,Offline,24.118.212.246,100,0,TRUE,7/23/2018 9:27,R_cqpvoTKMHX97FnE,,,,,45.07240295,-93.18740082,,EN,Bb,Ramsey County,Grass-Vadnais-Snail Lake Regional Park,10,June,10,2018,4:00-6:00 PM,Yes,,8,9,7,0,0,0,Unknown
6/14/2018 8:57,6/14/2018 9:02,Offline,24.118.212.246,100,0,TRUE,7/23/2018 9:27,R_kfEgRZ3JH6JpZeo,,,,,45.07240295,-93.18740082,,EN,Bb,Ramsey County,Rice Creek West Regional Trail,5,June,8,2018,10:00-12:00 PM,Yes,,5,2,3,0,0,0,Unknown
7/23/2018 9:36,7/23/2018 9:38,Offline,24.118.212.246,100,0,TRUE,7/23/2018 9:38,R_2IlpV3GNWUnbxM9,,,,,45.052736,-93.161489,,EN,Bb,Ramsey County,Rice Creek North Regional Trail,3,July,14,2018,6:00-8:00 PM,Yes,,14,16,12,0,0,0,Unknown
7/23/2018 9:35,7/23/2018 9:36,Offline,24.118.212.246,100,0,TRUE,7/23/2018 9:38,R_2m9CyWNoo5CLWFO,,,,,45.052786,-93.161473,,EN,Bb,Ramsey County,Rice Creek West Regional Trail,6,July,14,2018,4:00-6:00 PM,Yes,,10,12,9,0,0,0,Unknown
7/23/2018 9:32,7/23/2018 9:34,Offline,24.118.212.246,100,0,TRUE,7/23/2018 9:38,R_mHxXV8BbK4ehJUF,,,,,45.052724,-93.161493,,EN,Bb,Ramsey County,Grass-Vadnais-Snail Lake Regional Park,1,July,14,2018,12:00-2:00 PM,Yes,,12,16,9,0,0,0,Unknown
7/23/2018 9:30,7/23/2018 9:31,Offline,24.118.212.246,100,0,TRUE,7/23/2018 9:38,R_6t13GgLDQJ7BH4w,,,,,45.052695,-93.161233,,EN,Bb,Ramsey County,Tony Schmidt Regional Park,1,July,11,2018,2:00-4:00 PM,Yes,,11,14,30,0,0,0,Unknown
7/24/2018 15:13,7/24/2018 15:14,IP Address,156.98.134.224,100,72,TRUE,7/24/2018 15:14,R_3lADy4R0OrwTaMI,,,,,44.92779541,-93.11620331,anonymous,EN,RC,Ramsey County,Battle Creek Regional Park,1,July,7,2018,10:00-12:00 PM,Yes,,0,1,107,0,0,0,
7/24/2018 15:14,7/24/2018 15:15,IP Address,156.98.134.224,100,67,TRUE,7/24/2018 15:15,R_3saI8ONLJbZCR5N,,,,,44.92779541,-93.11620331,anonymous,EN,RL,Ramsey County,Bruce Vento Regional Trail,2,July,8,2018,8:00-10:00 AM,Yes,,7,16,0,0,0,0,
7/24/2018 15:15,7/24/2018 15:16,IP Address,156.98.134.224,100,57,TRUE,7/24/2018 15:16,R_31MGqfteGNwv6Nn,,,,,44.92779541,-93.11620331,anonymous,EN,RL,Ramsey County,Highway 96 Regional Trail,3,July,7,2018,10:00-12:00 PM,Yes,,6,7,0,0,0,0,
7/24/2018 15:16,7/24/2018 15:17,IP Address,156.98.134.224,100,56,TRUE,7/24/2018 15:17,R_2QSBCkRPvtNviAE,,,,,44.94439697,-93.09329987,anonymous,EN,RL,Ramsey County,Birch Lake Regional Park,6,July,7,2018,8:00-10:00 AM,Yes,,2,21,0,0,0,0,
7/24/2018 15:20,7/24/2018 15:24,IP Address,156.98.134.224,100,243,TRUE,7/24/2018 15:24,R_2q1MNceqrDo1mWk,,,,,44.94439697,-93.09329987,anonymous,EN,RL,Ramsey County,Grass-Vadnais-Snail Lake Regional Park,1,July,9,2018,4:00-6:00 PM,Yes,,15,10,33,0,0,0,
7/25/2018 11:23,7/25/2018 11:24,Offline,97.116.1.71,100,0,TRUE,7/25/2018 11:25,R_dqGsHC1NE1Q4IZG,,,,,44.979882,-93.079653,,EN,GE,Ramsey County,Lakes Link Regional Trail,1,July,21,2018,8:00-10:00 AM,Yes,,17,61,0,0,0,0,
7/25/2018 11:21,7/25/2018 11:23,Offline,97.116.1.71,100,0,TRUE,7/25/2018 11:25,R_1rhGRadv35k5pn8,,,,,44.979887,-93.079765,,EN,GE,Ramsey County,Bald Eagle-Otter Lake Regional Park,3,July,14,2018,2:00-4:00 PM,Yes,,0,0,28,0,0,0,
7/25/2018 11:20,7/25/2018 11:21,Offline,97.116.1.71,100,0,TRUE,7/25/2018 11:25,R_15rPrxo2y7z2pPq,,,,,44.979906,-93.079614,,EN,GE,Ramsey County,Birch Lake Regional Park,3,June,30,2018,12:00-2:00 PM,Yes,,1,0,0,0,0,0,
7/25/2018 11:18,7/25/2018 11:20,Offline,97.116.1.71,100,0,TRUE,7/25/2018 11:25,R_cCwFVIsO2lbDWBo,,,,,44.979906,-93.079614,,EN,GE,Ramsey County,Lakes Link Regional Trail,3,June,28,2018,6:00-8:00 PM,Yes,,7,31,0,0,0,0,
7/25/2018 18:38,7/25/2018 18:39,Offline,66.41.13.58,100,0,TRUE,7/25/2018 18:39,R_84c5y0t5DJZhBZq,,,,,44.99916,-93.002408,,EN,EL,Ramsey County,Battle Creek Regional Park,1,July,24,2018,6:00-8:00 PM,Yes,,4,4,120,0,0,0,
7/25/2018 18:36,7/25/2018 18:37,Offline,66.41.13.58,100,0,TRUE,7/25/2018 18:39,R_aRI5HI0keUasQM6,,,,,44.999126,-93.00232,,EN,EL,Ramsey County,Bruce Vento Regional Trail,1,July,24,2018,4:00-6:00 PM,Yes,,17,4,0,0,0,0,
7/25/2018 18:34,7/25/2018 18:36,Offline,66.41.13.58,100,0,TRUE,7/25/2018 18:39,R_9ryViqRda95isfY,,,,,44.999128,-93.002322,,EN,EL,Ramsey County,Bruce Vento Regional Trail,1,July,15,2018,6:00-8:00 PM,Yes,,5,4,0,0,0,0,
7/25/2018 18:33,7/25/2018 18:34,Offline,66.41.13.58,100,0,TRUE,7/25/2018 18:39,R_9YOnnfNPyRZgWcG,,,,,44.999195,-93.002407,,EN,EL,Ramsey County,Battle Creek Regional Park,1,July,15,2018,4:00-6:00 PM,Yes,,0,5,106,0,0,0,
7/25/2018 18:31,7/25/2018 18:33,Offline,66.41.13.58,100,0,TRUE,7/25/2018 18:39,R_df6M53emhgBzFlf,,,,,44.999125,-93.00232,,EN,EL,Ramsey County,Keller Regional Park,1,July,1,2018,6:00-8:00 PM,No,6/24/2018 18:00,4,3,30,0,0,0,
7/25/2018 18:27,7/25/2018 18:31,Offline,66.41.13.58,100,0,TRUE,7/25/2018 18:39,R_cy06NHct9xGKO91,,,,,44.999057,-93.002362,,EN,el,Ramsey County,Trout Brook Regional Trail,2,July,1,2018,4:00-6:00 PM,Yes,,3,0,0,0,0,0,
7/26/2018 12:46,7/26/2018 12:47,Offline,24.118.212.246,100,0,TRUE,7/26/2018 12:47,R_jpk1wbizxPgbq8f,,,,,45.052742,-93.161484,,EN,Bb,Ramsey County,Rice Creek North Regional Trail,2,July,8,2018,2:00-4:00 PM,Yes,,15,13,17,0,0,0,
7/26/2018 12:45,7/26/2018 12:46,Offline,24.118.212.246,100,0,TRUE,7/26/2018 12:48,R_lxU7lATMN0GXV8K,,,,,45.052723,-93.161517,,EN,Bb,Ramsey County,Rice Creek West Regional Trail,1,July,8,2018,4:00-6:00 PM,Yes,,12,14,9,0,0,0,
7/26/2018 12:43,7/26/2018 12:45,Offline,24.118.212.246,100,0,TRUE,7/26/2018 12:48,R_jMUbGzzp6764Fqt,,,,,45.052752,-93.16142,,EN,Bb,Ramsey County,Rice Creek North Regional Trail,7,July,10,2018,2:00-4:00 PM,Yes,,10,9,13,0,0,0,
7/26/2018 12:41,7/26/2018 12:43,Offline,24.118.212.246,100,0,TRUE,7/26/2018 12:48,R_5G8N3g3EO7C6bPu,,,,,45.052743,-93.161475,,EN,Bb,Ramsey County,Rice Creek West Regional Trail,1,July,10,2018,4:00-6:00 PM,Yes,,9,7,10,0,0,0,
7/26/2018 12:40,7/26/2018 12:41,Offline,24.118.212.246,100,0,TRUE,7/26/2018 12:48,R_gdAjwxlFRKDR8CF,,,,,45.052725,-93.161485,,EN,Bb,Ramsey County,Rice Creek North Regional Trail,3,July,14,2018,6:00-8:00 PM,Yes,,6,10,7,0,0,0,
7/26/2018 12:39,7/26/2018 12:40,Offline,24.118.212.246,100,0,TRUE,7/26/2018 12:48,R_9IREne4hZeczPTj,,,,,45.052692,-93.161479,,EN,Bb,Ramsey County,Rice Creek West Regional Trail,6,July,14,2018,4:00-6:00 PM,Yes,,8,10,6,0,0,0,
7/26/2018 12:37,7/26/2018 12:39,Offline,24.118.212.246,100,0,TRUE,7/26/2018 12:48,R_6EKTsRY5MN8YZfB,,,,,45.052632,-93.161464,,EN,Bb,Ramsey County,Grass-Vadnais-Snail Lake Regional Park,1,July,14,2018,12:00-2:00 PM,Yes,,13,15,16,0,0,0,
7/26/2018 12:34,7/26/2018 12:37,Offline,24.118.212.246,100,0,TRUE,7/26/2018 12:48,R_35c1V85hW4SYmLe,,,,,45.052632,-93.161464,,EN,Bb,Ramsey County,Highway 96 Regional Trail,13,July,14,2018,2:00-4:00 PM,Yes,,11,13,10,4,0,0,
7/26/2018 16:29,7/26/2018 16:31,Offline,24.118.212.246,100,1,TRUE,7/26/2018 16:31,R_5W7c0d0ZxdP0z7t,,,,,45.05275,-93.161398,,EN,Bb,Ramsey County,Tony Schmidt Regional Park,3,June,12,2018,12:00-2:00 PM,Yes,,14,17,10,0,0,0,
7/26/2018 16:28,7/26/2018 16:29,Offline,24.118.212.246,100,0,TRUE,7/26/2018 16:31,R_kAHlWRrfscYcinq,,,,,45.052746,-93.161423,,EN,Bb,Ramsey County,Grass-Vadnais-Snail Lake Regional Park,10,June,10,2018,4:00-6:00 PM,Yes,,15,13,18,0,0,0,
7/26/2018 16:26,7/26/2018 16:27,Offline,24.118.212.246,100,0,TRUE,7/26/2018 16:31,R_hVd1OFDqbz76E8y,,,,,45.052722,-93.161474,,EN, Bb,Ramsey County,Long Lake Regional Park,1,June,10,2018,10:00-12:00 PM,Yes,,14,12,20,0,0,0,
7/26/2018 16:25,7/26/2018 16:26,Offline,24.118.212.246,100,0,TRUE,7/26/2018 16:31,R_kvMsALaplf8Cy7T,,,,,45.052697,-93.161444,,EN,Bb,Ramsey County,Long Lake Regional Park,5,June,9,2018,2:00-4:00 PM,Yes,,14,17,11,0,0,0,
7/26/2018 16:24,7/26/2018 16:25,Offline,24.118.212.246,100,0,TRUE,7/26/2018 16:31,R_ccYhHnBMe52M81s,,,,,45.052758,-93.161434,,EN,Bb,Ramsey County,Highway 96 Regional Trail,8,June,9,2018,10:00-12:00 PM,Yes,,15,17,13,0,0,0,
7/26/2018 16:23,7/26/2018 16:24,Offline,24.118.212.246,100,0,TRUE,7/26/2018 16:31,R_2a25oK36yTWeko2,,,,,45.052728,-93.161527,,EN,Bb,Ramsey County,Highway 96 Regional Trail,14,June,8,2018,4:00-6:00 PM,Yes,,12,14,17,3,0,0,
7/26/2018 16:22,7/26/2018 16:23,Offline,24.118.212.246,100,0,TRUE,7/26/2018 16:31,R_2yDDKcrSjnYhE7Z,,,,,45.052746,-93.161428,,EN,Bb,Ramsey County,Rice Creek West Regional Trail,5,June,8,2018,10:00-12:00 PM,Yes,,10,13,12,0,0,0,
7/26/2018 16:20,7/26/2018 16:22,Offline,24.118.212.246,100,0,TRUE,7/26/2018 16:31,R_i2d6W34qKIIuzzT,,,,,45.052736,-93.16149,,EN,Bb,Ramsey County,Tony Schmidt Regional Park,1,May,28,2018,4:00-6:00 PM,Yes,,15,27,30,0,0,0,
7/27/2018 14:02,7/27/2018 14:03,Offline,73.164.80.83,100,0,TRUE,7/27/2018 14:03,R_8IEIjlkW55W3cFi,,,,,45.056054,-92.952302,,EN,LM,Ramsey County,Lakes Link Regional Trail,9,July,4,2018,4:00-6:00 PM,Yes,,7,2,0,0,0,0,
7/27/2018 13:59,7/27/2018 14:02,Offline,73.164.80.83,100,0,TRUE,7/27/2018 14:03,R_5zkGWIuAtM6aXOl,,,,,45.056054,-92.952302,,EN,LM,Ramsey County,Birch Lake Regional Park,6,July,14,2018,8:00-10:00 AM,No,6/30 8:00am,0,1,0,0,0,0,
7/27/2018 13:57,7/27/2018 13:59,Offline,73.164.80.83,100,0,TRUE,7/27/2018 14:03,R_3YS7N3vqTy8hl4D,,,,,45.056184,-92.952257,,EN,LM,Ramsey County,Grass-Vadnais-Snail Lake Regional Park,4,July,2,2018,6:00-8:00 PM,Yes,,12,8,10,0,0,0,
7/27/2018 13:56,7/27/2018 13:57,Offline,73.164.80.83,100,0,TRUE,7/27/2018 14:03,R_gv9pjomVWCwkEIx,,,,,45.056153,-92.952351,,EN,LM,Ramsey County,Highway 96 Regional Trail,8,July,2,2018,4:00-6:00 PM,Yes,,0,1,0,0,0,0,
7/27/2018 13:54,7/27/2018 13:55,Offline,73.164.80.83,100,0,TRUE,7/27/2018 14:03,R_3TyN5MKmo1NfELw,,,,,45.056315,-92.952192,,EN,LM,Ramsey County,Lakes Link Regional Trail,1,July,2,2018,2:00-4:00 PM,Yes,,5,1,84,0,0,0,
7/27/2018 13:51,7/27/2018 13:53,Offline,73.164.80.83,100,0,TRUE,7/27/2018 14:03,R_mtCydqwcEvVhKym,,,,,45.056058,-92.952439,,EN,LM,Ramsey County,Battle Creek Regional Park,10,June,27,2018,10:00-12:00 PM,Yes,,5,2,29,0,0,0,
8/7/2018 17:04,8/7/2018 17:05,Offline,97.116.1.71,100,0,TRUE,8/7/2018 17:06,R_hMDH85s4qE2i1kq,,,,,44.9799,-93.07981,,EN,GE,Ramsey County,Lakes Link Regional Trail,2,August,5,2018,10:00-12:00 PM,Yes,,2,15,0,0,0,0,
8/7/2018 17:03,8/7/2018 17:04,Offline,97.116.1.71,100,0,TRUE,8/7/2018 17:06,R_exEDy9dtTWwegSS,,,,,44.980013,-93.07978,,EN,GE,Ramsey County,Birch Lake Regional Park,7,August,4,2018,8:00-10:00 AM,Yes,,0,3,0,0,0,0,
8/7/2018 17:02,8/7/2018 17:03,Offline,97.116.1.71,100,0,TRUE,8/7/2018 17:06,R_kQXp8RFrgpR6viu,,,,,44.980013,-93.07978,,EN,GE,Ramsey County,Birch Lake Regional Park,1,August,2,2018,4:00-6:00 PM,Yes,,0,0,0,0,0,0,
8/7/2018 17:00,8/7/2018 17:01,Offline,97.116.1.71,100,0,TRUE,8/7/2018 17:06,R_e9UzJgfrF4vqmy0,,,,,44.97989,-93.079705,,EN,GE,Ramsey County,Lakes Link Regional Trail,1,August,2,2018,10:00-12:00 PM,Yes,,8,34,0,0,0,0,
8/7/2018 16:59,8/7/2018 17:00,Offline,97.116.1.71,100,0,TRUE,8/7/2018 17:06,R_i4nuCzarm1ieWKW,,,,,44.979889,-93.079685,,EN,GE,Ramsey County,Long Lake Regional Park,2,August,1,2018,10:00-12:00 PM,Yes,,4,7,14,0,0,0,
8/7/2018 16:58,8/7/2018 16:59,Offline,97.116.1.71,100,0,TRUE,8/7/2018 17:06,R_iwAVAqay4nFP0XI,,,,,44.97993,-93.079905,,EN,GE,Ramsey County,Keller Regional Park,1,August,1,2018,8:00-10:00 AM,Yes,,0,1,13,0,0,0,
8/7/2018 16:57,8/7/2018 16:58,Offline,97.116.1.71,100,0,TRUE,8/7/2018 17:06,R_e2GdGGY2KJDaRYd,,,,,44.97993,-93.079905,,EN,GE,Ramsey County,Birch Lake Regional Park,7,July,29,2018,8:00-10:00 AM,Yes,,2,11,0,0,0,0,
8/7/2018 16:55,8/7/2018 16:56,Offline,97.116.1.71,100,0,TRUE,8/7/2018 17:06,R_lwKLdk9qxEGUw7Q,,,,,44.97993,-93.079905,,EN,GE,Ramsey County,Birch Lake Regional Park,6,July,27,2018,4:00-6:00 PM,Yes,,2,3,0,0,0,0,
8/30/2018 10:51,8/30/2018 10:52,Offline,71.34.8.164,100,0,TRUE,8/30/2018 10:52,R_5bB01ugQUaooATU,,,,,44.979916,-93.079836,,EN,GE,Ramsey County,Birch Lake Regional Park,1,August,29,2018,6:00-8:00 PM,Yes,,0,2,0,0,0,0,
8/30/2018 10:49,8/30/2018 10:51,Offline,71.34.8.164,100,0,TRUE,8/30/2018 10:52,R_3KCpmMijnkOKA6Q,,,,,44.979926,-93.079872,,EN,GE,Ramsey County,Tony Schmidt Regional Park,1,August,29,2018,4:00-6:00 PM,Yes,,5,26,15,0,0,0,
8/30/2018 10:48,8/30/2018 10:49,Offline,71.34.8.164,100,0,TRUE,8/30/2018 10:52,R_kO9uKpREPYBxLJN,,,,,44.980023,-93.079895,,EN,GE,Ramsey County,Rice Creek North Regional Trail,1,August,26,2018,2:00-4:00 PM,Yes,,5,14,11,0,0,0,
8/30/2018 10:46,8/30/2018 10:47,Offline,71.34.8.164,100,0,TRUE,8/30/2018 10:52,R_5wDmEHp2CJxbuje,,,,,44.979944,-93.079785,,EN,GE,Ramsey County,Keller Regional Park,7,August,26,2018,12:00-2:00 PM,Yes,,0,0,47,0,0,0,
8/30/2018 10:45,8/30/2018 10:46,Offline,71.34.8.164,100,0,TRUE,8/30/2018 10:52,R_iq3sUNXwhKORxBX,,,,,44.980021,-93.079892,,EN,GE,Ramsey County,Bruce Vento Regional Trail,12,August,25,2018,12:00-2:00 PM,Yes,,3,2,0,0,0,0,
8/30/2018 10:43,8/30/2018 10:45,Offline,71.34.8.164,100,0,TRUE,8/30/2018 10:52,R_9JYavMMVXn6vAEV,,,,,44.979973,-93.079824,,EN,GE,Ramsey County,Trout Brook Regional Trail,1,August,24,2018,12:00-2:00 PM,No,8/31/2018,0,0,0,0,0,0,
8/30/2018 10:42,8/30/2018 10:43,Offline,71.34.8.164,100,0,TRUE,8/30/2018 10:52,R_b9LcBQHzuuf2U44,,,,,44.979942,-93.079852,,EN,GE,Ramsey County,Birch Lake Regional Park,6,August,19,2018,4:00-6:00 PM,Yes,,0,4,0,0,0,0,
8/30/2018 10:40,8/30/2018 10:41,Offline,71.34.8.164,100,0,TRUE,8/30/2018 10:52,R_8Jb6wPvf3VTwkeN,,,,,44.979942,-93.07985,,EN,Ge,Ramsey County,Grass-Vadnais-Snail Lake Regional Park,1,August,18,2018,10:00-12:00 PM,Yes,,5,11,11,0,0,0,
8/30/2018 10:38,8/30/2018 10:39,Offline,71.34.8.164,100,0,TRUE,8/30/2018 10:52,R_fuMm5sDqTrrF6gM,,,,,44.979937,-93.079809,,EN,GE,Ramsey County,Keller Regional Park,1,August,18,2018,8:00-10:00 AM,Yes,,6,8,10,0,0,0,
8/30/2018 10:36,8/30/2018 10:38,Offline,71.34.8.164,100,0,TRUE,8/30/2018 10:52,R_0WtZ2YIIry3a7CU,,,,,44.979972,-93.079823,,EN,GE,Ramsey County,Lakes Link Regional Trail,2,August,17,2018,6:00-8:00 PM,Yes,,7,28,0,0,0,0,
8/30/2018 10:35,8/30/2018 10:36,Offline,71.34.8.164,100,0,TRUE,8/30/2018 10:52,R_gai27dY2cQNfPJv,,,,,44.979971,-93.079823,,EN,GE,Ramsey County,Rice Creek North Regional Trail,5,August,17,2018,4:00-6:00 PM,Yes,,0,2,0,0,0,0,
8/30/2018 10:34,8/30/2018 10:35,Offline,71.34.8.164,100,1,TRUE,8/30/2018 10:52,R_5VLRYt1Q9UUjFVL,,,,,44.979941,-93.07985,,EN,GE,Ramsey County,Bald Eagle-Otter Lake Regional Park,1,August,15,2018,12:00-2:00 PM,Yes,,1,2,16,0,0,0,
8/30/2018 10:32,8/30/2018 10:34,Offline,71.34.8.164,100,0,TRUE,8/30/2018 10:52,R_3qVnD8XuHjaXAF7,,,,,44.979914,-93.079832,,EN,GE,Ramsey County,Lakes Link Regional Trail,9,August,12,2018,6:00-8:00 PM,Yes,,18,37,0,0,0,0,
8/30/2018 10:31,8/30/2018 10:32,Offline,71.34.8.164,100,1,TRUE,8/30/2018 10:52,R_8ewsk9lE2dMludh,,,,,44.979913,-93.079844,,EN,GE,Ramsey County,Lakes Link Regional Trail,2,August,9,2018,8:00-10:00 AM,Yes,,0,9,0,0,0,0,
8/30/2018 10:30,8/30/2018 10:31,Offline,71.34.8.164,100,0,TRUE,8/30/2018 10:52,R_hRBx3XSuPlbotRc,,,,,44.979995,-93.079795,,EN,GE,Ramsey County,Lakes Link Regional Trail,1,August,8,2018,10:00-12:00 PM,Yes,,24,16,0,0,0,0,
8/30/2018 10:28,8/30/2018 10:30,Offline,71.34.8.164,100,0,TRUE,8/30/2018 10:52,R_fUG8I7tAI0TNXCq,,,,,44.979978,-93.079758,,EN,GE,Ramsey County,Bruce Vento Regional Trail,14,August,7,2018,12:00-2:00 PM,Yes,,0,0,0,0,0,0,
9/6/2018 13:41,9/6/2018 13:42,Offline,71.34.8.164,100,0,TRUE,9/6/2018 13:42,R_8Sh5TqKVFGfkakS,,,,,44.97992,-93.07981,,EN,GE,Ramsey County,Bald Eagle-Otter Lake Regional Park,1,September,2,2018,10:00-12:00 PM,Yes,,0,3,6,0,0,0,
9/6/2018 13:39,9/6/2018 13:41,Offline,71.34.8.164,100,0,TRUE,9/6/2018 13:42,R_oiKrVbaYOP2QMIP,,,,,44.97992,-93.07981,,EN,GE,Ramsey County,Lakes Link Regional Trail,4,September,2,2018,8:00-10:00 AM,Yes,,0,0,0,0,0,0,
9/6/2018 13:38,9/6/2018 13:39,Offline,71.34.8.164,100,0,TRUE,9/6/2018 13:42,R_5RePLDg9I7Yb7uf,,,,,44.979918,-93.079809,,EN,GE,Ramsey County,Bruce Vento Regional Trail,2,September,1,2018,10:00-12:00 PM,Yes,,18,7,0,0,0,0,
9/6/2018 13:37,9/6/2018 13:38,Offline,71.34.8.164,100,0,TRUE,9/6/2018 13:42,R_nrHZXHCicexOYIt,,,,,44.979898,-93.079751,,EN,GE,Ramsey County,Birch Lake Regional Park,6,August,31,2018,12:00-2:00 PM,Yes,,1,0,0,0,0,0,
9/6/2018 13:35,9/6/2018 13:36,Offline,71.34.8.164,100,0,TRUE,9/6/2018 13:42,R_8H9GtVlewF39ZZB,,,,,44.979924,-93.079824,,EN,GE,Ramsey County,Highway 96 Regional Trail,7,August,31,2018,10:00-12:00 PM,Yes,,0,1,0,0,0,0,
9/6/2018 20:31,9/6/2018 20:32,Offline,24.118.212.246,100,0,TRUE,9/6/2018 20:33,R_28VhAL9dpIId5Xk,,,,,45.052781,-93.161495,,EN,Bb,Ramsey County,Rice Creek West Regional Trail,1,August,26,2018,4:00-6:00 PM,Yes,,17,22,27,0,0,0,
9/6/2018 20:24,9/6/2018 20:27,Offline,24.118.212.246,100,0,TRUE,9/6/2018 20:33,R_91KXv8iroDriU6C,,,,,45.052731,-93.161446,,EN,Bb,Ramsey County,Rice Creek West Regional Trail,2,August,14,2018,10:00-12:00 PM,Yes,,8,11,4,0,0,0,
9/6/2018 20:23,9/6/2018 20:24,Offline,24.118.212.246,100,0,TRUE,9/6/2018 20:33,R_hSLSK2Yq7kiGNHb,,,,,45.052794,-93.161453,,EN,Bb,Ramsey County,Rice Creek North Regional Trail,2,August,7,2018,8:00-10:00 AM,Yes,,7,11,12,0,0,0,
9/6/2018 20:19,9/6/2018 20:21,Offline,24.118.212.246,100,0,TRUE,9/6/2018 20:33,R_5eu2nekWeFMbYBE,,,,,45.052778,-93.161499,,EN,Bb,Ramsey County,Rice Creek West Regional Trail,7,August,7,2018,10:00-12:00 PM,Yes,,11,13,16,0,0,0,
9/6/2018 20:13,9/6/2018 20:14,Offline,24.118.212.246,100,0,TRUE,9/6/2018 20:33,R_b2saHcMfxqyQHdm,,,,,45.052779,-93.161466,,EN,Bb,Ramsey County,Rice Creek West Regional Trail,6,August,25,2018,6:00-8:00 PM,Yes,,17,13,22,0,0,0,
9/6/2018 20:11,9/6/2018 20:12,Offline,24.118.212.246,100,0,TRUE,9/6/2018 20:33,R_mHAZKavYPfybqaW,,,,,45.052782,-93.161502,,EN,Bb,Ramsey County,Rice Creek North Regional Trail,4,August,25,2018,4:00-6:00 PM,Yes,,17,18,24,0,0,0,
9/6/2018 20:08,9/6/2018 20:10,Offline,24.118.212.246,100,0,TRUE,9/6/2018 20:33,R_gYQHlKPJ5KFPhIL,,,,,45.052782,-93.161502,,EN,Bb,Ramsey County,Highway 96 Regional Trail,1,August,19,2018,8:00-10:00 AM,Yes,,12,17,12,0,0,0,
9/6/2018 20:04,9/6/2018 20:05,Offline,24.118.212.246,100,0,TRUE,9/6/2018 20:33,R_dSpYcqKTCFnDpHM,,,,,45.052743,-93.161474,,EN,Bb,Ramsey County,Grass-Vadnais-Snail Lake Regional Park,2,September,2,2018,8:00-10:00 AM,Yes,,18,24,45,0,0,0,
9/6/2018 20:00,9/6/2018 20:01,Offline,24.118.212.246,100,0,TRUE,9/6/2018 20:33,R_55Ninqqe1UXax0l,,,,,45.052755,-93.161444,,EN,Bb,Ramsey County,Grass-Vadnais-Snail Lake Regional Park,1,August,28,2018,12:00-2:00 PM,Yes,,27,34,17,0,0,0,
9/6/2018 19:59,9/6/2018 20:00,Offline,24.118.212.246,100,0,TRUE,9/6/2018 20:33,R_8EratKfg35xAEQl,,,,,45.052762,-93.161443,,EN,Bb,Ramsey County,Highway 96 Regional Trail,10,August,29,2018,8:00-10:00 AM,Yes,,18,22,12,0,0,0,
9/6/2018 19:53,9/6/2018 19:54,Offline,24.118.212.246,100,0,TRUE,9/6/2018 20:33,R_heoUYYdnOJE3IKy,,,,,45.052838,-93.161308,,EN,Bb,Ramsey County,Grass-Vadnais-Snail Lake Regional Park,1,September,1,2018,10:00-12:00 PM,Yes,,18,22,23,0,0,0,
9/6/2018 19:51,9/6/2018 19:53,Offline,24.118.212.246,100,0,TRUE,9/6/2018 20:33,R_52IycQzv6t9Gk6E,,,,,45.05279,-93.161466,,EN,Bb,Ramsey County,Grass-Vadnais-Snail Lake Regional Park,4,August,26,2018,2:00-4:00 PM,Yes,,27,27,43,0,0,0,
9/8/2018 11:14,9/8/2018 11:15,Offline,66.41.13.58,100,0,TRUE,9/8/2018 11:15,R_4HoZQCbXTMjdyzv,,,,,44.999108,-93.002446,,EN,EL,Ramsey County,Bruce Vento Regional Trail,2,September,2,2018,6:00-8:00 PM,Yes,,7,2,0,0,0,0,
9/8/2018 11:12,9/8/2018 11:14,Offline,66.41.13.58,100,0,TRUE,9/8/2018 11:15,R_ddcWp94JZnqDk8y,,,,,44.999106,-93.002445,,EN,EL,Ramsey County,Battle Creek Regional Park,1,September,2,2018,4:00-6:00 PM,Yes,,4,1,102,0,0,0,
9/8/2018 11:11,9/8/2018 11:12,Offline,66.41.13.58,100,0,TRUE,9/8/2018 11:15,R_5aaIKFSECKuLm3q,,,,,44.99911,-93.002446,,EN,EL,Ramsey County,Bruce Vento Regional Trail,12,August,30,2018,4:00-6:00 PM,Yes,,5,2,0,0,0,0,
9/8/2018 11:10,9/8/2018 11:11,Offline,66.41.13.58,100,0,TRUE,9/8/2018 11:15,R_i2uL1lRZ3Yp5JLG,,,,,44.999113,-93.002447,,EN,EL,Ramsey County,Battle Creek Regional Park,1,August,30,2018,2:00-4:00 PM,Yes,,0,1,43,0,0,0,
9/8/2018 11:09,9/8/2018 11:09,Offline,66.41.13.58,100,0,TRUE,9/8/2018 11:15,R_bEvZ1KaZPk1lE7f,,,,,44.999104,-93.002442,,EN,EL,Ramsey County,Trout Brook Regional Trail,4,August,29,2018,4:00-6:00 PM,Yes,,0,0,0,0,0,0,
9/8/2018 11:07,9/8/2018 11:09,Offline,66.41.13.58,100,0,TRUE,9/8/2018 11:15,R_4z0yhoFXlFTl54v,,,,,44.999154,-93.002421,,EN,EL,Ramsey County,Keller Regional Park,1,August,22,2018,4:00-6:00 PM,Yes,,9,5,34,0,0,0,
9/8/2018 11:06,9/8/2018 11:07,Offline,66.41.13.58,100,0,TRUE,9/8/2018 11:15,R_31Z3lfjXHHnjzDx,,,,,44.99904,-93.002375,,EN,EL,Ramsey County,Trout Brook Regional Trail,2,August,19,2018,2:00-4:00 PM,Yes,,6,0,0,0,0,0,
9/8/2018 11:05,9/8/2018 11:06,Offline,66.41.13.58,100,0,TRUE,9/8/2018 11:15,R_5t2kCwbICtzQDsh,,,,,44.999111,-93.002446,,EN,EL,Ramsey County,Trout Brook Regional Trail,2,August,12,2018,4:00-6:00 PM,Yes,,0,0,0,0,0,0,
9/8/2018 11:05,9/8/2018 11:05,Offline,66.41.13.58,100,0,TRUE,9/8/2018 11:15,R_7oUiSWOFNmcQXvh,,,,,44.999112,-93.002446,,EN,EL,Ramsey County,Trout Brook Regional Trail,3,August,11,2018,4:00-6:00 PM,Yes,,0,1,0,0,0,0,
9/8/2018 11:03,9/8/2018 11:04,Offline,66.41.13.58,100,0,TRUE,9/8/2018 11:15,R_ebRYIdRVvqbLs10,,,,,44.999094,-93.002501,,EN,EL,Ramsey County,Trout Brook Regional Trail,4,August,9,2018,4:00-6:00 PM,Yes,,0,0,0,0,0,0,
9/8/2018 11:02,9/8/2018 11:03,Offline,66.41.13.58,100,0,TRUE,9/8/2018 11:15,R_iXa9Amvi7GlUFxx,,,,,44.999155,-93.002422,,EN,EL,Ramsey County,Battle Creek Regional Park,3,August,8,2018,6:00-8:00 PM,Yes,,4,2,18,0,0,0,
9/8/2018 11:01,9/8/2018 11:02,Offline,66.41.13.58,100,0,TRUE,9/8/2018 11:15,R_22JYg7ODd7IS3qC,,,,,44.999114,-93.00245,,EN,EL,Ramsey County,Bruce Vento Regional Trail,1,August,8,2018,4:00-6:00 PM,Yes,,13,6,0,0,0,0,
9/8/2018 10:59,9/8/2018 11:00,Offline,66.41.13.58,100,0,TRUE,9/8/2018 11:15,R_fBeM8hGxsdqqnMw,,,,,44.999114,-93.00245,,EN,EL,Ramsey County,Trout Brook Regional Trail,1,August,4,2018,2:00-4:00 PM,Yes,,3,8,0,0,0,0,
9/8/2018 10:57,9/8/2018 10:59,Offline,66.41.13.58,100,0,TRUE,9/8/2018 11:15,R_jpx6l8GRkCYozwj,,,,,44.999078,-93.002492,,EN,EL,Ramsey County,Bruce Vento Regional Trail,1,July,28,2018,6:00-8:00 PM,Yes,,4,0,0,0,0,0,
9/8/2018 10:56,9/8/2018 10:57,Offline,66.41.13.58,100,0,TRUE,9/8/2018 11:15,R_nijO09mb9netQeB,,,,,44.999153,-93.002665,,EN,EL,Ramsey County,Battle Creek Regional Park,3,July,28,2018,4:00-6:00 PM,Yes,,4,8,23,0,0,0,
9/8/2018 10:55,9/8/2018 10:56,Offline,66.41.13.58,100,0,TRUE,9/8/2018 11:15,R_fLMvCHM5qxgvhct,,,,,44.999106,-93.002446,,EN,EL,Ramsey County,Keller Regional Park,7,July,28,2018,2:00-4:00 PM,Yes,,0,0,51,0,0,0,
9/8/2018 10:53,9/8/2018 10:54,Offline,66.41.13.58,100,0,TRUE,9/8/2018 11:15,R_nxl5XZ4xmqeHzAa,,,,,44.999136,-93.002417,,EN,EL,Ramsey County,Trout Brook Regional Trail,3,July,27,2018,4:00-6:00 PM,Yes,,2,0,0,0,0,0,
9/8/2018 10:51,9/8/2018 10:52,Offline,66.41.13.58,100,0,TRUE,9/8/2018 11:15,R_6thIdahqj2Fztif,,,,,44.999168,-93.002468,,EN,EL,Ramsey County,Keller Regional Park,8,July,27,2018,2:00-4:00 PM,Yes,,4,3,28,0,0,0,
9/10/2018 11:35,9/10/2018 11:36,IP Address,156.98.134.224,100,58,TRUE,9/10/2018 11:36,R_1n8ihyqu8E7Wp55,,,,,44.92779541,-93.11620331,anonymous,EN,LM,Ramsey County,Grass-Vadnais-Snail Lake Regional Park,2,August,1,2018,10:00-12:00 PM,Yes,,0,7,13,0,0,0,
9/10/2018 11:36,9/10/2018 11:38,IP Address,156.98.134.224,100,74,TRUE,9/10/2018 11:38,R_T11J6dyP4HMKGRP,,,,,44.96789551,-93.08840179,anonymous,EN,LM,Ramsey County,Bald Eagle-Otter Lake Regional Park,3,August,1,2018,12:00-2:00 PM,Yes,,0,2,14,0,0,0,
9/10/2018 11:58,9/10/2018 11:58,IP Address,156.98.134.224,100,22,TRUE,9/10/2018 11:58,R_PzealNWolMJDkKl,,,,,44.96789551,-93.08840179,anonymous,EN,lm,Ramsey County,Highway 96 Regional Trail,11,August,3,2018,8:00-10:00 AM,No,7/27/2018,1,2,0,0,0,0,
9/10/2018 11:59,9/10/2018 11:59,IP Address,156.98.134.224,100,16,TRUE,9/10/2018 11:59,R_1F5Rt9LoX7iWkfl,,,,,44.96789551,-93.08840179,anonymous,EN,lm,Ramsey County,Long Lake Regional Park,2,August,3,2018,12:00-2:00 PM,No,7/27/2018,3,4,11,0,0,0,
9/14/2018 12:19,9/14/2018 12:20,IP Address,156.98.134.224,100,46,TRUE,9/14/2018 12:20,R_RwzpqZZkizn6QxP,,,,,44.96789551,-93.08840179,anonymous,EN,lm,Ramsey County,Battle Creek Regional Park,20,August,7,2018,10:00-12:00 PM,Yes,,0,1,0,0,0,0,
9/14/2018 12:20,9/14/2018 12:21,IP Address,156.98.134.224,100,42,TRUE,9/14/2018 12:21,R_2cjXaDlIgG5aONQ,,,,,44.96789551,-93.08840179,anonymous,EN,lm,Ramsey County,Bald Eagle-Otter Lake Regional Park,1,August,7,2018,4:00-6:00 PM,Yes,,0,0,11,0,0,0,
9/14/2018 12:31,9/14/2018 12:31,IP Address,156.98.134.224,100,49,TRUE,9/14/2018 12:31,R_24tJsOvkmiGSxDO,,,,,44.96789551,-93.08840179,anonymous,EN,lm,Ramsey County,Tony Schmidt Regional Park,1,August,3,2018,2:00-4:00 PM,Yes,,0,4,10,0,0,0,
9/14/2018 12:33,9/14/2018 12:34,IP Address,156.98.134.224,100,18,TRUE,9/14/2018 12:34,R_eX826ZiCsT7W921,,,,,44.96789551,-93.08840179,anonymous,EN,lm,Ramsey County,Long Lake Regional Park,1,August,8,2018,12:00-2:00 PM,No,8/22/2018,3,0,83,0,0,0,
9/17/2018 9:06,9/17/2018 9:07,IP Address,156.98.134.224,100,64,TRUE,9/17/2018 9:07,R_3kcYJSaF2hRrsM9,,,,,44.92779541,-93.11620331,anonymous,EN,lm,Ramsey County,Rice Creek West Regional Trail,1,August,24,2018,12:00-2:00 PM,Yes,,1,0,0,0,0,0,
9/17/2018 9:07,9/17/2018 9:08,IP Address,156.98.134.224,100,65,TRUE,9/17/2018 9:08,R_AFJwctfVHjP1QTT,,,,,44.92779541,-93.11620331,anonymous,EN,lm,Ramsey County,Rice Creek North Regional Trail,2,August,24,2018,2:00-4:00 PM,Yes,,0,19,0,0,0,0,
9/17/2018 9:17,9/17/2018 9:18,IP Address,156.98.134.224,100,50,TRUE,9/17/2018 9:18,R_12yvUq9qOWq0HwJ,,,,,44.92779541,-93.11620331,anonymous,EN,Bb,Ramsey County,Tony Schmidt Regional Park,2,August,31,2018,12:00-2:00 PM,Yes,,32,27,38,0,0,0,
9/17/2018 9:19,9/17/2018 9:20,IP Address,156.98.134.224,100,71,TRUE,9/17/2018 9:20,R_XTevnUnrWVYmIbn,,,,,44.92779541,-93.11620331,anonymous,EN,Bb,Ramsey County,Highway 96 Regional Trail,10,August,29,2018,8:00-10:00 AM,Yes,,18,22,12,0,0,0,
9/17/2018 9:32,9/17/2018 9:33,IP Address,156.98.134.224,100,56,TRUE,9/17/2018 9:33,R_29h5rbqSo4XBgLG,,,,,44.92779541,-93.11620331,anonymous,EN,lm,Ramsey County,Battle Creek Regional Park,10,June,27,2018,10:00-12:00 PM,Yes,,5,2,29,0,0,0,
9/17/2018 9:34,9/17/2018 9:35,IP Address,156.98.134.224,100,49,TRUE,9/17/2018 9:35,R_3oMBNQKXX7WOtZO,,,,,44.92779541,-93.11620331,anonymous,EN,lm,Ramsey County,Grass-Vadnais-Snail Lake Regional Park,4,July,2,2018,6:00-8:00 PM,Yes,,12,8,10,0,0,0,
9/17/2018 9:36,9/17/2018 9:36,IP Address,156.98.134.224,100,40,TRUE,9/17/2018 9:36,R_3flZLuVDgz61hDh,,,,,44.92779541,-93.11620331,anonymous,EN,lm,Ramsey County,Highway 96 Regional Trail,8,July,2,2018,4:00-6:00 PM,Yes,,0,1,0,0,0,0,
9/17/2018 9:39,9/17/2018 9:40,IP Address,156.98.134.224,100,61,TRUE,9/17/2018 9:40,R_3gN02bpwmqkK8TV,,,,,44.92779541,-93.11620331,anonymous,EN,lm,Ramsey County,Long Lake Regional Park,1,July,2,2018,2:00-4:00 PM,Yes,,5,1,79,0,0,0,
9/17/2018 9:43,9/17/2018 9:43,IP Address,156.98.134.224,100,22,TRUE,9/17/2018 9:43,R_1FDGfXivKJeqT8Z,,,,,45.056139,-92.952017,anonymous,EN,LM,Ramsey County,Rice Creek West Regional Trail,1,June,13,2018,6:00-8:00 PM,Yes,,16,3,0,0,0,0,
9/17/2018 9:44,9/17/2018 9:45,IP Address,156.98.134.224,100,49,TRUE,9/17/2018 9:45,R_1OTz0hbjBqYrLii,,,,,44.92779541,-93.11620331,anonymous,EN,lm,Ramsey County,Lakes Link Regional Trail,9,July,4,2018,4:00-6:00 PM,Yes,,7,2,0,0,0,0,
9/17/2018 10:26,9/17/2018 10:26,IP Address,156.98.134.224,100,11,TRUE,9/17/2018 10:26,R_1OqwbEJXBQxh9Q5,,,,,45.052732,-93.161423,anonymous,EN,Bb,Ramsey County,Long Lake Regional Park,4,September,2,2018,12:00-2:00 PM,Yes,,22,17,50,0,0,0,
9/17/2018 10:28,9/17/2018 10:28,IP Address,156.98.134.224,100,9,TRUE,9/17/2018 10:28,R_5ovyt1GY21vTY3v,,,,,45.052751,-93.161447,anonymous,EN,Bb,Ramsey County,Long Lake Regional Park,2,August,18,2018,8:00-10:00 AM,Yes,,27,28,68,0,0,0,
9/17/2018 10:29,9/17/2018 10:29,IP Address,156.98.134.224,100,9,TRUE,9/17/2018 10:29,R_1IuZbnEgPrTVInu,,,,,45.052813,-93.161357,anonymous,EN,Bb,Ramsey County,Long Lake Regional Park,1,August,31,2018,10:00-12:00 PM,Yes,,32,28,75,0,0,0,
9/17/2018 10:29,9/17/2018 10:29,IP Address,156.98.134.224,100,9,TRUE,9/17/2018 10:29,R_3rG9nOjUYp3pocH,,,,,45.052782,-93.161502,anonymous,EN,Bb,Ramsey County,Tony Schmidt Regional Park,1,August,19,2018,12:00-2:00 PM,Yes,,23,26,33,0,0,0,
9/17/2018 10:30,9/17/2018 10:30,IP Address,156.98.134.224,100,8,TRUE,9/17/2018 10:30,R_0TYvlaVJsky6mxr,,,,,45.052754,-93.161446,anonymous,EN,Bb,Ramsey County,Long Lake Regional Park,1,August,26,2018,10:00-12:00 PM,Yes,,34,32,68,0,0,0,
9/17/2018 10:30,9/17/2018 10:30,IP Address,156.98.134.224,100,8,TRUE,9/17/2018 10:30,R_0SS1x4g2MpE96WB,,,,,45.05278,-93.161405,anonymous,EN,Bb,Ramsey County,Tony Schmidt Regional Park,1,August,11,2018,6:00-8:00 PM,Yes,,23,32,42,0,0,0,
9/17/2018 10:30,9/17/2018 10:31,IP Address,156.98.134.224,100,9,TRUE,9/17/2018 10:31,R_6S8D1EVnx3VgwPn,,,,,45.052743,-93.161474,anonymous,EN,Bb,Ramsey County,Tony Schmidt Regional Park,1,August,12,2018,2:00-4:00 PM,Yes,,23,28,24,0,0,0,
9/17/2018 10:31,9/17/2018 10:31,IP Address,156.98.134.224,100,11,TRUE,9/17/2018 10:31,R_036jfN5kcjHPdqF,,,,,45.052778,-93.161499,anonymous,EN,Bb,Ramsey County,Grass-Vadnais-Snail Lake Regional Park,2,August,7,2018,4:00-6:00 PM,Yes,,6,8,14,0,0,0,
9/17/2018 10:31,9/17/2018 10:32,IP Address,156.98.134.224,100,10,TRUE,9/17/2018 10:32,R_1gAT0TeH8rorX8D,,,,,45.052801,-93.161354,anonymous,EN,Bb,Ramsey County,Long Lake Regional Park,1,August,26,2018,10:00-12:00 PM,Yes,,12,22,68,0,0,0,
9/26/2018 8:53,9/26/2018 8:57,IP Address,156.98.134.224,100,223,TRUE,9/26/2018 8:57,R_3pgclyrBVvL6dTl,,,,,44.92779541,-93.11620331,anonymous,EN,BB,Ramsey County,Tony Schmidt Regional Park,1,August,2,2018,4:00-6:00 PM,Yes,,6,15,18,0,0,0,
9/26/2018 8:57,9/26/2018 8:58,IP Address,156.98.134.224,100,77,TRUE,9/26/2018 8:58,R_1guPjGp6L2yKoFf,,,,,44.92779541,-93.11620331,anonymous,EN,BB,Ramsey County,Rice Creek North Regional Trail,1,August,4,2018,10:00-12:00 PM,Yes,,4,8,11,0,0,0,
2/13/2019 12:48,2/13/2019 12:48,IP Address,156.98.134.224,100,22,TRUE,2/13/2019 12:48,R_3R4LjKNKSWZt55A,,,,,44.97099304,-93.04979706,anonymous,EN,Bb,Ramsey County,Long Lake Regional Park,5,June,9,2018,2:00-4:00 PM,Yes,,0,6,3,0,0,0,
2/13/2019 12:49,2/13/2019 12:49,IP Address,156.98.134.224,100,16,TRUE,2/13/2019 12:49,R_1ovtH0YxFG7fbHs,,,,,44.97099304,-93.04979706,anonymous,EN,Bb,Ramsey County,Long Lake Regional Park,1,June,10,2018,10:00-12:00 PM,Yes,,11,12,7,0,0,0,
