StartDate,EndDate,Status,IPAddress,Progress,Duration (in seconds),Finished,RecordedDate,ResponseId,RecipientLastName,RecipientFirstName,RecipientEmail,ExternalReference,LocationLatitude,LocationLongitude,DistributionChannel,UserLanguage,Q29,Q1,Q9,Q17,Q17,Q19,Q21,Q26,Q27,Q28,Q18,Q22,Q23,Q24,Q26,Q27
Start Date,End Date,Response Type,IP Address,Progress,Duration (in seconds),Finished,Recorded Date,Response ID,Recipient Last Name,Recipient First Name,Recipient Email,External Data Reference,Location Latitude,Location Longitude,Distribution Channel,User Language,What are your initials?,Agency Name,Park or Trail,Site Entrance Number,What month is it?,What day of the month is it?,What is the year?,Which timeslot best represents the time you will be onsite to conduct the count?,Is this a scheduled count? (was this count originally scheduled for the date and timeblock previously indicated?),"If not, when was it scheduled? Include date and time.","Bikes

Indicate total number of bikes, tricycles, unicycles, motorcycles. Count people, not the number of bikes. If there are 2 people on 1 bike, count it as 2.","Pedestrian/Skaters

Indicate total number of walkers, joggers, runners, baby strollers, skateboarders, inline and roller skaters, people in wheelchairs, etc.","Vehicles

Indicate total number of cars, vans, pickup trucks, and metro mobility van/buses.

Count the number of vehicles, not the number of people in them.","Buses

Indicate total number of charter, school, church group vehicles that hold more than 8 people. Be sure that the bus enters the park. Metro Transit buses on regular routes never enter parks and are NOT counted. 

Count the number of buses, not the number of people in them.","Horse Riders

Indicate total number of people on horses, not the number of horses. Two people on one horse =2 visits. Do not count mounted police or park patrols.","Boaters

Indicate total number of people arriving at the park by boat, not those towing a boat (that's counted in the vehicle category)."
"{""ImportId"":""startDate"",""timeZone"":""America/Chicago""}","{""ImportId"":""endDate"",""timeZone"":""America/Chicago""}","{""ImportId"":""status""}","{""ImportId"":""ipAddress""}","{""ImportId"":""progress""}","{""ImportId"":""duration""}","{""ImportId"":""finished""}","{""ImportId"":""recordedDate"",""timeZone"":""America/Chicago""}","{""ImportId"":""_recordId""}","{""ImportId"":""recipientLastName""}","{""ImportId"":""recipientFirstName""}","{""ImportId"":""recipientEmail""}","{""ImportId"":""externalDataReference""}","{""ImportId"":""locationLatitude""}","{""ImportId"":""locationLongitude""}","{""ImportId"":""distributionChannel""}","{""ImportId"":""userLanguage""}","{""ImportId"":""QID29_TEXT""}","{""ImportId"":""QID1""}","{""ImportId"":""QID9""}","{""ImportId"":""QID17_TEXT""}","{""ImportId"":""QID41""}","{""ImportId"":""QID43""}","{""ImportId"":""QID45""}","{""ImportId"":""QID26""}","{""ImportId"":""QID27""}","{""ImportId"":""QID28_TEXT""}","{""ImportId"":""QID30_TEXT""}","{""ImportId"":""QID34_TEXT""}","{""ImportId"":""QID35_TEXT""}","{""ImportId"":""QID36_TEXT""}","{""ImportId"":""QID38_TEXT""}","{""ImportId"":""QID39_TEXT""}"
2018-06-22 16:10:42,2018-06-22 16:11:49,Offline,207.171.99.1,100,0,True,2018-06-22 16:12:11,R_7u8YWUF80gcJDGW,,,,,44.786316,-93.128666,,EN,AM,Dakota County,Minnesota River Greenway,18,June,18,2018,10:00-12:00 PM,No,"6-25-18, 10-12pm",2,11,0,0,0,0
2018-06-22 16:09:08,2018-06-22 16:10:06,Offline,207.171.99.1,100,0,True,2018-06-22 16:12:13,R_bYdJIijMe9tq25e,,,,,44.786352,-93.128757,,EN,TL,Dakota County,Lebanon Hills Regional Park,9,June,18,2018,10:00-12:00 PM,No,"6-25-18, 10-12pm",0,0,0,0,0,0
2018-06-22 16:08:10,2018-06-22 16:08:59,Offline,207.171.99.1,100,0,True,2018-06-22 16:12:14,R_4MAxUtjQu4BEkNq,,,,,44.786352,-93.128742,,EN,AM,Dakota County,Spring Lake Park Reserve,2,June,18,2018,8:00-10:00 AM,No,"6-25-18, 8-10am",0,0,0,1,0,0
2018-06-22 16:07:16,2018-06-22 16:07:58,Offline,207.171.99.1,100,0,True,2018-06-22 16:12:15,R_2lO7AdJ7SNYIL2l,,,,,44.786362,-93.128698,,EN,GJ,Dakota County,Big Rivers Regional Trail,3,June,17,2018,6:00-8:00 PM,No,"6-24-18, 6-8pm",1,0,0,0,0,0
2018-06-22 16:06:14,2018-06-22 16:07:03,Offline,207.171.99.1,100,0,True,2018-06-22 16:12:17,R_iOP5uTV5et3ZfMu,,,,,44.78632,-93.128712,,EN,CD,Dakota County,Minnesota River Greenway,1,June,17,2018,2:00-4:00 PM,No,"6-24-18, 2-4pm",5,5,0,0,0,0
2018-06-22 16:05:10,2018-06-22 16:05:56,Offline,207.171.99.1,100,0,True,2018-06-22 16:12:19,R_mgpGlDOKsnpQai0,,,,,44.786286,-93.128608,,EN,TS,Dakota County,Big Rivers Regional Trail,2,June,16,2018,6:00-8:00 PM,No,"6-23-18, 6-8pm",2,7,0,0,0,0
2018-06-22 16:04:13,2018-06-22 16:04:59,Offline,207.171.99.1,100,0,True,2018-06-22 16:12:20,R_bPWw3rtDkKgQkbQ,,,,,44.786322,-93.128715,,EN,GJ,Dakota County,Spring Lake Park Reserve,1,June,16,2018,4:00-6:00 PM,No,"6-23-18, 4-6pm",0,0,17,0,0,0
2018-06-22 16:02:54,2018-06-22 16:03:51,Offline,207.171.99.1,100,0,True,2018-06-22 16:12:22,R_6jitzQC1CU0RAEZ,,,,,44.786313,-93.128673,,EN,TL,Dakota County,River to River Greenway Regional Trail,19,June,14,2018,6:00-8:00 PM,No,"6-21-18, 6-8pm",2,8,0,0,0,0
2018-06-22 16:01:56,2018-06-22 16:02:49,Offline,207.171.99.1,100,0,True,2018-06-22 16:12:25,R_4KQexCOLdwT4eYk,,,,,44.786326,-93.128683,,EN,TL,Dakota County,Mississippi River Regional Trail,12,June,14,2018,4:00-6:00 PM,No,"6-21-18, 4-6pm",13,17,0,0,0,0
2018-06-22 16:01:13,2018-06-22 16:01:46,Offline,207.171.99.1,100,0,True,2018-06-22 16:12:28,R_b8tqCQDmZ2PPUlP,,,,,44.786354,-93.1287,,EN,ND,Dakota County,Minnesota River Greenway,1,June,17,2018,12:00-2:00 PM,Yes,,31,13,0,0,0,0
2018-06-22 16:00:28,2018-06-22 16:01:03,Offline,207.171.99.1,100,0,True,2018-06-22 16:12:29,R_0269liXWdjc2Kdo,,,,,44.786372,-93.128707,,EN,LM,Dakota County,River to River Greenway Regional Trail,19,June,16,2018,12:00-2:00 PM,Yes,,0,0,0,0,0,0
2018-06-22 15:59:29,2018-06-22 16:00:18,Offline,207.171.99.1,100,0,True,2018-06-22 16:12:31,R_2kzD7kwRbdYpDIR,,,,,44.786372,-93.128707,,EN,NH,Dakota County,Mississippi River Regional Trail,11,June,9,2018,10:00-12:00 PM,No,"6-16-18, 10-12pm",5,1,0,0,0,0
2018-06-22 15:58:45,2018-06-22 15:59:16,Offline,207.171.99.1,100,0,True,2018-06-22 16:12:32,R_49AKtj3GHwlJUot,,,,,44.786349,-93.128754,,EN,AW,Dakota County,River to River Greenway Regional Trail,1,June,15,2018,6:00-8:00 PM,Yes,,0,1,0,0,0,0
2018-06-22 15:57:56,2018-06-22 15:58:30,Offline,207.171.99.1,100,0,True,2018-06-22 16:12:33,R_hg7RErd7zON6hu8,,,,,44.786357,-93.128725,,EN,GJ,Dakota County,Mississippi River Regional Trail,2,June,15,2018,4:00-6:00 PM,Yes,,0,7,0,0,0,0
2018-06-22 15:57:16,2018-06-22 15:57:45,Offline,207.171.99.1,100,0,True,2018-06-22 16:12:35,R_2O2PclPlEXFvvuu,,,,,44.786374,-93.128654,,EN,ND,Dakota County,Whitetail Woods Regional Park,1,June,13,2018,8:00-10:00 AM,Yes,,0,2,4,0,0,0
2018-06-22 15:55:42,2018-06-22 15:57:07,Offline,207.171.99.1,100,0,True,2018-06-22 16:12:38,R_15zkFgz9xzxAisV,,,,,44.786345,-93.128777,,EN,TL,Dakota County,Big Rivers Regional Trail,2,June,12,2018,6:00-8:00 PM,Yes,,28,13,0,0,0,0
2018-06-22 15:54:59,2018-06-22 15:55:28,Offline,207.171.99.1,100,0,True,2018-06-22 16:12:41,R_6eWBlAJJ6Iu0wBq,,,,,44.786345,-93.128777,,EN,AR,Dakota County,Miesville Ravine Park Reserve,1,June,12,2018,4:00-6:00 PM,Yes,,0,0,2,0,0,0
2018-06-22 15:54:16,2018-06-22 15:54:48,Offline,207.171.99.1,100,0,True,2018-06-22 16:12:43,R_o8CYclHsWpZkdD1,,,,,44.786345,-93.128774,,EN,ES,Dakota County,Lake Byllesby Regional Park,1,June,12,2018,8:00-10:00 AM,Yes,,7,1,10,0,0,0
2018-06-22 15:53:04,2018-06-22 15:54:07,Offline,207.171.99.1,100,0,True,2018-06-22 16:12:48,R_f7V0VLXg0MwSNBa,,,,,44.786345,-93.128767,,EN,AW,Dakota County,Whitetail Woods Regional Park,1,June,4,2018,6:00-8:00 PM,No,"6-11-18, 6-8pm",0,0,34,0,0,0
2018-06-22 15:52:04,2018-06-22 15:52:50,Offline,207.171.99.1,100,0,True,2018-06-22 16:12:52,R_apaCVOow7aLOELT,,,,,44.786344,-93.128753,,EN,AW,Dakota County,River to River Greenway Regional Trail,1,June,16,2018,2:00-4:00 PM,No,"6-9-18, 2-4pm",0,2,0,0,0,0
2018-06-22 15:51:14,2018-06-22 15:51:49,Offline,207.171.99.1,100,0,True,2018-06-22 16:12:54,R_g1r83S1hiN0R9Vr,,,,,44.786334,-93.128735,,EN,SF,Dakota County,Whitetail Woods Regional Park,1,June,9,2018,12:00-2:00 PM,Yes,,0,0,27,0,0,0
2018-06-22 15:50:38,2018-06-22 15:51:06,Offline,207.171.99.1,100,0,True,2018-06-22 16:12:56,R_18McTU7dBJGlJjh,,,,,44.786334,-93.128735,,EN,MD,Dakota County,Mississippi River Regional Trail,11,July,9,2018,12:00-2:00 PM,Yes,,2,0,0,0,0,0
2018-06-22 15:49:59,2018-06-22 15:50:28,Offline,207.171.99.1,100,0,True,2018-06-22 16:12:57,R_iBG5rzBemvdhSlK,,,,,44.786333,-93.128764,,EN,NB,Dakota County,Lake Byllesby Regional Park,1,June,8,2018,4:00-6:00 PM,Yes,,1,13,7,0,0,0
2018-06-22 15:49:13,2018-06-22 15:49:46,Offline,207.171.99.1,100,0,True,2018-06-22 16:12:59,R_cvTby5EsEIc1zGe,,,,,44.786333,-93.128818,,EN,NB,Dakota County,Miesville Ravine Park Reserve,1,June,8,2018,2:00-4:00 PM,Yes,,0,0,1,0,0,0
2018-06-22 15:48:24,2018-06-22 15:49:01,Offline,207.171.99.1,100,0,True,2018-06-22 16:13:04,R_byVOJRip6pDaxdo,,,,,44.786337,-93.128732,,EN,NM,Dakota County,Spring Lake Park Reserve,1,June,8,2018,12:00-2:00 PM,Yes,,5,0,20,0,0,0
2018-06-22 15:47:32,2018-06-22 15:48:15,Offline,207.171.99.1,100,0,True,2018-06-22 16:13:06,R_3286AHiNADsrAu0,,,,,44.786342,-93.128749,,EN,NM,Dakota County,Lebanon Hills Regional Park,1,June,8,2018,10:00-12:00 PM,Yes,,0,0,39,0,0,0
2018-06-22 15:46:44,2018-06-22 15:47:23,Offline,207.171.99.1,100,0,True,2018-06-22 16:13:08,R_9SKX1oj2kH8yZaC,,,,,44.786335,-93.128714,,EN,KO,Dakota County,Lebanon Hills Regional Park,5,June,7,2018,2:00-4:00 PM,Yes,,0,3,2,0,0,0
2018-06-22 15:45:58,2018-06-22 15:46:33,Offline,207.171.99.1,100,0,True,2018-06-22 16:13:11,R_1rFbQktlRE4E9oB,,,,,44.78634,-93.128746,,EN,ES,Dakota County,Spring Lake Park Reserve,2,June,7,2018,12:00-2:00 PM,Yes,,7,0,3,0,0,0
2018-06-22 15:44:47,2018-06-22 15:45:49,Offline,207.171.99.1,100,0,True,2018-06-22 16:13:14,R_fG8uJtrI2Tpi3Mo,,,,,44.78633,-93.128693,,EN,AR,Dakota County,Lake Byllesby Regional Park,1,June,7,2018,12:00-2:00 PM,Yes,,5,10,21,2,0,0
2018-06-22 15:43:13,2018-06-22 15:44:39,Offline,207.171.99.1,100,0,True,2018-06-22 16:13:17,R_fE9D4YCnqlJNe17,,,,,44.786335,-93.128719,,EN,AR,Dakota County,Miesville Ravine Park Reserve,1,June,7,2018,10:00-12:00 PM,Yes,,0,1,1,0,0,0
2018-06-22 15:41:30,2018-06-22 15:42:16,Offline,207.171.99.1,100,0,True,2018-06-22 16:13:19,R_o2i8COeDSu5nnye,,,,,44.786334,-93.128727,,EN,ND,Dakota County,Minnesota River Greenway,2,June,5,2018,4:00-6:00 PM,Yes,,13,15,0,0,0,0
2018-06-22 15:40:42,2018-06-22 15:41:23,Offline,207.171.99.1,100,0,True,2018-06-22 16:13:20,R_hNkp8ddkiJpF00x,,,,,44.786341,-93.128759,,EN,GJ,Dakota County,Big Rivers Regional Trail,4,June,5,2018,4:00-6:00 PM,Yes,,12,2,0,0,0,0
2018-06-22 15:39:35,2018-06-22 15:40:15,Offline,207.171.99.1,100,0,True,2018-06-22 16:13:21,R_hx4ZAcOBgsdmabt,,,,,44.786341,-93.128759,,EN,GJ,Dakota County,Whitetail Woods Regional Park,3,June,5,2018,12:00-2:00 PM,Yes,,0,0,0,0,0,0
2018-06-22 15:38:29,2018-06-22 15:39:23,Offline,207.171.99.1,100,0,True,2018-06-22 16:13:22,R_49UMDe2zb4LpxXe,,,,,44.786216,-93.128523,,EN,SF,Dakota County,Spring Lake Park Reserve,1,June,10,2018,6:00-8:00 PM,No,"6-2-18, 6-8pm",1,0,28,0,0,0
2018-06-22 13:30:59,2018-06-22 13:31:44,Offline,207.171.99.1,100,0,True,2018-06-22 16:13:24,R_cGstY68yMFS4A13,,,,,44.786323,-93.128843,,EN,ES,Dakota County,Lebanon Hills Regional Park,2,June,3,2018,4:00-6:00 PM,Yes,,4,8,61,0,0,0
2018-06-22 13:29:24,2018-06-22 13:30:48,Offline,207.171.99.1,100,0,True,2018-06-22 16:13:25,R_iFX0Zafdbf9tdXK,,,,,44.786323,-93.128719,,EN,AW,Dakota County,Whitetail Woods Regional Park,3,June,3,2018,10:00-12:00 PM,Yes,,0,1,0,0,0,0
2018-06-22 13:28:34,2018-06-22 13:29:15,Offline,207.171.99.1,100,0,True,2018-06-22 16:13:27,R_eAUOhAWrrDIQK5L,,,,,44.786286,-93.128626,,EN,CD,Dakota County,Mississippi River Regional Trail,4,June,2,2018,4:00-6:00 PM,Yes,,0,2,0,0,0,0
2018-06-22 13:26:16,2018-06-22 13:27:16,Offline,207.171.99.1,100,0,True,2018-06-22 16:13:30,R_4dbGUHrqacHptD6,,,,,44.786392,-93.128456,,EN,GJ,Dakota County,River to River Greenway Regional Trail,4,June,16,2018,2:00-4:00 PM,No,"6-2-18, 2-4pm",0,2,0,0,0,0
2018-06-22 12:52:53,2018-06-22 12:53:37,Offline,207.171.99.1,100,0,True,2018-06-22 16:13:32,R_6RMMTFrgbSLNTSn,,,,,44.786345,-93.128689,,EN,SF,Dakota County,Minnesota River Greenway,2,May,30,2018,10:00-12:00 PM,Yes,,0,0,0,0,0,0
2018-06-22 12:49:47,2018-06-22 12:50:39,Offline,207.171.99.1,100,0,True,2018-06-22 16:13:34,R_334d54Cswa8aIXd,,,,,44.786348,-93.128751,,EN,AW,Dakota County,Lake Byllesby Regional Park,1,June,5,2018,6:00-8:00 PM,No,"5-29-18, 6-8pm",0,3,12,0,0,0
2018-06-22 12:48:20,2018-06-22 12:49:14,Offline,207.171.99.1,100,0,True,2018-06-22 16:13:38,R_hy8dPM6FATJohEq,,,,,44.786349,-93.128721,,EN,BP,Dakota County,Miesville Ravine Park Reserve,1,June,5,2018,4:00-6:00 PM,No,"5-29-18, 4-6pm",0,0,0,0,0,0
2018-06-22 12:46:34,2018-06-22 12:48:05,Offline,207.171.99.1,100,0,True,2018-06-22 16:13:41,R_1w1qMMsHiOXxIDt,,,,,44.786359,-93.128588,,EN,GJ,Dakota County,Minnesota River Greenway,1,May,29,2018,12:00-2:00 PM,Yes,,2,8,0,0,0,0
2018-06-22 12:45:34,2018-06-22 12:46:27,Offline,207.171.99.1,100,0,True,2018-06-22 16:13:45,R_2Z5tJYgvv4XaXpC,,,,,44.786395,-93.128463,,EN,CD,Dakota County,Whitetail Woods Regional Park,1,May,28,2018,2:00-4:00 PM,Yes,,0,0,8,0,0,0
2018-07-22 10:19:54,2018-07-22 10:20:32,Offline,207.171.99.1,100,0,True,2018-07-22 10:21:08,R_ev8tUMiYB9KJ9ft,,,,,44.786348,-93.128673,,EN,AW,Dakota County,Mississippi River Regional Trail,4,July,21,2018,4:00-6:00 PM,Yes,,3,2,0,0,0,0
2018-07-22 10:18:36,2018-07-22 10:19:47,Offline,207.171.99.1,100,0,True,2018-07-22 10:21:10,R_gX4DtgzKmIgVLpx,,,,,44.786315,-93.12865,,EN,ND,Dakota County,Lake Byllesby Regional Park,1,July,21,2018,2:00-4:00 PM,Yes,,3,41,23,0,0,0
2018-07-22 10:17:54,2018-07-22 10:18:31,Offline,207.171.99.1,100,0,True,2018-07-22 10:21:11,R_5CDHx3EHXHy433U,,,,,44.786333,-93.128682,,EN,ND,Dakota County,Miesville Ravine Park Reserve,1,July,21,2018,12:00-2:00 PM,Yes,,0,0,6,0,0,0
2018-07-22 10:17:14,2018-07-22 10:17:48,Offline,207.171.99.1,100,0,True,2018-07-22 10:21:12,R_0v1ifqOJfP9TDHT,,,,,44.786307,-93.128741,,EN,AW,Dakota County,Lebanon Hills Regional Park,6,July,15,2018,4:00-6:00 PM,Yes,,10,3,36,0,0,0
2018-07-22 10:16:26,2018-07-22 10:17:07,Offline,207.171.99.1,100,0,True,2018-07-22 10:21:13,R_lvhawqu4gnG6Owm,,,,,44.786317,-93.128716,,EN,AW,Dakota County,Spring Lake Park Reserve,1,July,15,2018,2:00-4:00 PM,Yes,,4,0,75,0,0,0
2018-07-22 10:15:36,2018-07-22 10:16:21,Offline,207.171.99.1,100,0,True,2018-07-22 10:21:15,R_apLBvSpIRs3NQR3,,,,,44.786332,-93.128741,,EN,GJ,Dakota County,Lake Byllesby Regional Park,1,July,8,2018,2:00-4:00 PM,No,7-15-18 2-4,7,0,24,0,0,0
2018-07-22 10:14:47,2018-07-22 10:15:30,Offline,207.171.99.1,100,0,True,2018-07-22 10:21:16,R_9rlgV0JL9PsNeur,,,,,44.786316,-93.1287,,EN,GJ,Dakota County,Miesville Ravine Park Reserve,1,July,8,2018,12:00-2:00 PM,No,7-15-18. 12-2,0,0,5,0,0,0
2018-07-22 10:13:56,2018-07-22 10:14:39,Offline,207.171.99.1,100,0,True,2018-07-22 10:21:17,R_gOfnZbPMoFhPozx,,,,,44.786344,-93.128751,,EN,AR,Dakota County,Miesville Ravine Park Reserve,1,July,14,2018,4:00-6:00 PM,Yes,,0,0,4,0,0,0
2018-07-22 10:13:01,2018-07-22 10:13:51,Offline,207.171.99.1,100,0,True,2018-07-22 10:21:18,R_dpdkOIUujHECA05,,,,,44.786344,-93.128751,,EN,ES,Dakota County,Lake Byllesby Regional Park,1,July,14,2018,8:00-10:00 AM,Yes,,7,8,6,0,0,0
2018-07-22 10:11:52,2018-07-22 10:12:44,Offline,207.171.99.1,100,0,True,2018-07-22 10:21:20,R_f0qxrGIBqMpXH0e,,,,,44.786351,-93.12872,,EN,CD,Dakota County,Whitetail Woods Regional Park,1,July,10,2018,6:00-8:00 PM,Yes,,4,0,18,0,0,0
2018-07-22 10:10:29,2018-07-22 10:11:22,Offline,207.171.99.1,100,0,True,2018-07-22 10:21:21,R_dwF8urYphLaJLow,,,,,44.786355,-93.128682,,EN,GJ,Dakota County,River to River Greenway Regional Trail,10,July,3,2018,4:00-6:00 PM,No,7-10-18. 4-6,1,16,0,0,0,0
2018-07-22 10:09:39,2018-07-22 10:10:17,Offline,207.171.99.1,100,0,True,2018-07-22 10:21:22,R_2paYBJeYRyobBrL,,,,,44.786355,-93.128682,,EN,GJ,Dakota County,Mississippi River Regional Trail,11,July,3,2018,2:00-4:00 PM,No,7-10-18. 2-4,1,0,0,0,0,0
2018-07-22 10:08:19,2018-07-22 10:09:26,Offline,207.171.99.1,100,0,True,2018-07-22 10:21:24,R_jAcYQp2g3Dpgzv0,,,,,44.786355,-93.128682,,EN,TS,Dakota County,River to River Greenway Regional Trail,7,July,9,2018,6:00-8:00 PM,Yes,,3,8,0,0,0,0
2018-07-22 10:07:43,2018-07-22 10:08:12,Offline,207.171.99.1,100,0,True,2018-07-22 10:21:25,R_i8sDsoUytJpvUPl,,,,,44.786333,-93.128696,,EN,NM,Dakota County,Mississippi River Regional Trail,2,July,9,2018,8:00-10:00 AM,Yes,,2,8,0,0,0,0
2018-07-22 10:06:50,2018-07-22 10:07:32,Offline,207.171.99.1,100,0,True,2018-07-22 10:21:27,R_j5XcNo7z4M0SkId,,,,,44.78634,-93.128766,,EN,MD,Dakota County,Lake Byllesby Regional Park,2,July,7,2018,2:00-4:00 PM,Yes,,0,0,27,0,0,0
2018-07-22 10:06:13,2018-07-22 10:06:45,Offline,207.171.99.1,100,0,True,2018-07-22 10:21:28,R_jvhGU8XfAjE6icg,,,,,44.78634,-93.128748,,EN,AM,Dakota County,Big Rivers Regional Trail,4,July,7,2018,2:00-4:00 PM,Yes,,5,2,0,0,0,0
2018-07-22 10:05:14,2018-07-22 10:05:55,Offline,207.171.99.1,100,0,True,2018-07-22 10:21:29,R_hrtsmB8UWZn09mL,,,,,44.786342,-93.128692,,EN,NB,Dakota County,Lebanon Hills Regional Park,11,June,30,2018,10:00-12:00 PM,No,7-7-18 10-12,0,10,0,0,0,0
2018-07-22 10:03:21,2018-07-22 10:04:10,Offline,207.171.99.1,100,0,True,2018-07-22 10:21:30,R_bySq9RhHu4QplRN,,,,,44.786338,-93.128727,,EN,NB,Dakota County,Spring Lake Park Reserve,2,June,30,2018,8:00-10:00 AM,No,7-7-18. 8-10,8,0,4,0,0,0
2018-07-22 10:02:16,2018-07-22 10:03:11,Offline,207.171.99.1,100,0,True,2018-07-22 10:21:32,R_2WFTAWkG71Ls6SK,,,,,44.786356,-93.128708,,EN,NM,Dakota County,Miesville Ravine Park Reserve,1,July,4,2018,6:00-8:00 PM,Yes,,0,0,4,1,0,0
2018-07-22 10:01:29,2018-07-22 10:02:09,Offline,207.171.99.1,100,0,True,2018-07-22 10:21:33,R_jwMy9Z1EtJfXoqw,,,,,44.786339,-93.128745,,EN,AM,Dakota County,Big Rivers Regional Trail,3,July,4,2018,6:00-8:00 PM,Yes,,20,10,0,0,0,0
2018-07-22 10:00:00,2018-07-22 10:01:12,Offline,207.171.99.1,100,0,True,2018-07-22 10:21:34,R_m9ajKUnx5nV8HwG,,,,,44.786329,-93.128728,,EN,SF,Dakota County,Lake Byllesby Regional Park,2,July,14,2018,2:00-4:00 PM,No,7-4-18. 2-4,6,0,15,0,0,0
2018-07-22 09:59:11,2018-07-22 09:59:54,Offline,207.171.99.1,100,0,True,2018-07-22 10:21:36,R_jaTAKTNNEF3Q5NQ,,,,,44.786309,-93.128655,,EN,ES,Dakota County,Lebanon Hills Regional Park,6,June,25,2018,4:00-6:00 PM,No,7-2-18. 4-6,6,2,53,0,0,0
2018-07-22 09:57:58,2018-07-22 09:58:49,Offline,207.171.99.1,100,0,True,2018-07-22 10:21:37,R_a3ZiZKNE13pDkOB,,,,,44.786295,-93.128659,,EN,GJ,Dakota County,Spring Lake Park Reserve,1,July,2,2018,2:00-4:00 PM,Yes,,0,0,12,0,0,0
2018-07-22 09:56:23,2018-07-22 09:57:53,Offline,207.171.99.1,100,0,True,2018-07-22 10:21:38,R_fQPbRcR5FpuVLrQ,,,,,44.786332,-93.128736,,EN,AR,Dakota County,Miesville Ravine Park Reserve,1,June,29,2018,4:00-6:00 PM,No,7-1-18. 4-6,0,2,4,0,0,0
2018-07-22 09:53:57,2018-07-22 09:55:56,Offline,207.171.99.1,100,0,True,2018-07-22 10:21:40,R_aDC4Eu1wt7nuYDL,,,,,44.786341,-93.128731,,EN,ES,Dakota County,Whitetail Woods Regional Park,1,June,23,2018,4:00-6:00 PM,No,6-30-18. 4-6,1,0,19,0,0,0
2018-07-22 09:51:10,2018-07-22 09:53:39,Offline,207.171.99.1,100,0,True,2018-07-22 10:21:41,R_kw2bR6YPHzANk5V,,,,,44.786339,-93.128769,,EN,MD,Dakota County,Big Rivers Regional Trail,5,June,23,2018,2:00-4:00 PM,No,6-30-18. 2-4,7,0,0,0,0,0
2018-07-22 09:49:58,2018-07-22 09:51:05,Offline,207.171.99.1,100,0,True,2018-07-22 10:21:43,R_7hTFEczIrWwvb7i,,,,,44.786337,-93.128769,,EN,AM,Dakota County,Spring Lake Park Reserve,1,June,23,2018,12:00-2:00 PM,No,"6-30-18. 12-2 ",4,0,37,0,0,0
2018-07-22 09:48:58,2018-07-22 09:49:44,Offline,207.171.99.1,100,0,True,2018-07-22 10:21:44,R_hyE3nCg7Sxjyyql,,,,,44.786351,-93.128823,,EN,ND,Dakota County,Miesville Ravine Park Reserve,1,June,30,2018,12:00-2:00 PM,Yes,,0,0,3,0,0,0
2018-07-22 09:47:23,2018-07-22 09:48:39,Offline,207.171.99.1,100,0,True,2018-07-22 10:21:45,R_86dAPKNi5iV0nu7,,,,,44.786351,-93.128823,,EN,BP,Dakota County,Lebanon Hills Regional Park,1,June,30,2018,10:00-12:00 PM,Yes,,6,3,167,0,0,0
2018-07-22 09:42:13,2018-07-22 09:43:01,Offline,207.171.99.1,100,0,True,2018-07-22 10:21:47,R_3kS8niOjWLDRUJI,,,,,44.786322,-93.128769,,EN,ND,Dakota County,Lake Byllesby Regional Park,1,June,30,2018,10:00-12:00 PM,Yes,,3,24,19,0,0,0
2018-07-22 09:41:29,2018-07-22 09:42:06,Offline,207.171.99.1,100,0,True,2018-07-22 10:21:48,R_bxbiJvDYFqylhec,,,,,44.786333,-93.128728,,EN,ES,Dakota County,Big Rivers Regional Trail,4,June,28,2018,8:00-10:00 AM,Yes,,4,1,0,0,0,0
2018-07-22 09:39:00,2018-07-22 09:40:52,Offline,207.171.99.1,100,0,True,2018-07-22 10:21:49,R_f1YHIEpXJ8dLqjx,,,,,44.786339,-93.128778,,EN,ND,Dakota County,Big Rivers Regional Trail,5,June,27,2018,10:00-12:00 PM,Yes,,1,4,0,0,0,0
2018-06-22 12:42:09,2018-06-22 12:45:22,Offline,207.171.99.1,100,0,True,2018-07-22 10:21:52,R_96AArVPRZ9cD9Yy,,,,,44.78634,-93.12871,,EN,KO,Dakota County,Whitetail Woods Regional Park,2,May,28,2018,8:00-10:00 AM,Yes,,1,0,0,0,0,0
2018-06-22 12:39:06,2018-06-22 12:39:53,Offline,207.171.99.1,100,0,True,2018-07-22 10:21:53,R_no5BCNfbIxa05M2,,,,,44.786337,-93.12873,,EN,AW,Dakota County,Minnesota River Greenway,2,May,26,2018,4:00-6:00 PM,Yes,,5,15,0,0,0,0
2018-06-22 12:38:15,2018-06-22 12:38:58,Offline,207.171.99.1,100,0,True,2018-07-22 10:21:55,R_jnL3qEQqAhPeeFR,,,,,44.786346,-93.128756,,EN,AM,Dakota County,River to River Greenway Regional Trail,1,May,26,2018,2:00-4:00 PM,Yes,,1,2,0,0,0,0
2018-06-22 12:36:51,2018-06-22 12:38:09,Offline,207.171.99.1,100,0,True,2018-07-22 10:21:56,R_nYLRlNswyMClxY0,,,,,44.786351,-93.128711,,EN,AM,Dakota County,Mississippi River Regional Trail,11,May,26,2018,12:00-2:00 PM,Yes,,2,3,0,0,0,0
2018-08-26 10:57:08,2018-08-26 10:57:49,Offline,207.171.99.1,100,0,True,2018-08-26 10:58:09,R_8DNVv1BEHWjXLPj,,,,,44.786103,-93.128238,,EN,ES,Dakota County,Big Rivers Regional Trail,1,August,16,2018,8:00-10:00 AM,No,8-23-18. 8-10am,5,0,9,0,0,0
2018-08-26 10:56:06,2018-08-26 10:56:47,Offline,207.171.99.1,100,0,True,2018-08-26 10:58:10,R_aFl1qwcGHGBassr,,,,,44.786269,-93.128396,,EN,NM,Dakota County,Minnesota River Greenway,2,August,15,2018,12:00-2:00 PM,No,8-22-18. 12-2pm,7,3,3,0,0,0
2018-08-26 10:55:01,2018-08-26 10:55:51,Offline,207.171.99.1,100,0,True,2018-08-26 10:58:11,R_9cXYhLikXVouTPW,,,,,44.786269,-93.128396,,EN,TL,Dakota County,Lake Byllesby Regional Park,1,August,13,2018,6:00-8:00 PM,No,8-20-18. 6-8pm,2,7,4,0,0,0
2018-08-26 10:54:08,2018-08-26 10:54:55,Offline,207.171.99.1,100,0,True,2018-08-26 10:58:12,R_gQzcJ9dbqw4ldLM,,,,,44.786265,-93.128447,,EN,TL,Dakota County,Miesville Ravine Park Reserve,1,August,13,2018,4:00-6:00 PM,No,8-13-18. 4-6pm,0,2,1,0,0,0
2018-08-26 10:52:40,2018-08-26 10:53:23,Offline,207.171.99.1,100,0,True,2018-08-26 10:58:13,R_g8ZlK9Y5z84U0bc,,,,,44.786293,-93.128421,,EN,AR,Dakota County,Spring Lake Park Reserve,2,August,12,2018,4:00-6:00 PM,No,8-19-18. 4-6pm,0,2,0,0,0,0
2018-08-26 10:51:29,2018-08-26 10:52:28,Offline,207.171.99.1,100,0,True,2018-08-26 10:58:14,R_n3oE2uwptzAii4t,,,,,44.786205,-93.128399,,EN,AR,Dakota County,Lebanon Hills Regional Park,3,August,12,2018,2:00-4:00 PM,No,8-19-18. 2-4pm,1,10,71,0,0,0
2018-08-26 10:50:37,2018-08-26 10:51:13,Offline,207.171.99.1,100,0,True,2018-08-26 10:58:16,R_b5gyw5tTi2s3Il1,,,,,44.78623,-93.128471,,EN,NM,Dakota County,Whitetail Woods Regional Park,2,August,18,2018,6:00-8:00 PM,Yes,,0,0,3,0,0,0
2018-08-26 10:49:55,2018-08-26 10:50:30,Offline,207.171.99.1,100,0,True,2018-08-26 10:58:17,R_8SfxIWlgW6f6vgb,,,,,44.786233,-93.128445,,EN,NM,Dakota County,Big Rivers Regional Trail,5,August,18,2018,4:00-6:00 PM,Yes,,0,0,0,0,0,0
2018-08-26 10:48:51,2018-08-26 10:49:36,Offline,207.171.99.1,100,0,True,2018-08-26 10:58:19,R_a6FajjCHFVbYAYE,,,,,44.786217,-93.128395,,EN,ND,Dakota County,Spring Lake Park Reserve,2,August,11,2018,2:00-4:00 PM,No,8-18-18. 2-4pm,2,0,0,0,0,0
2018-08-26 10:48:04,2018-08-26 10:48:38,Offline,207.171.99.1,100,0,True,2018-08-26 10:58:20,R_ehhrDRNJpiwoJsl,,,,,44.786238,-93.128449,,EN,ES,Dakota County,Miesville Ravine Park Reserve,1,August,18,2018,2:00-4:00 PM,Yes,,2,2,7,0,0,0
2018-08-26 10:47:00,2018-08-26 10:47:55,Offline,207.171.99.1,100,0,True,2018-08-26 10:58:22,R_gJBQQXhRFTa5rzK,,,,,44.786245,-93.128454,,EN,AW,Dakota County,Lebanon Hills Regional Park,11,August,11,2018,12:00-2:00 PM,No,8-18-18. 12-2pm,0,3,0,0,0,0
2018-08-26 10:46:15,2018-08-26 10:46:52,Offline,207.171.99.1,100,0,True,2018-08-26 10:58:23,R_3jYMisDbXENzNjx,,,,,44.7862,-93.128365,,EN,ES,Dakota County,Lake Byllesby Regional Park,1,August,18,2018,12:00-2:00 PM,Yes,,5,11,7,0,0,0
2018-08-26 10:45:16,2018-08-26 10:46:01,Offline,207.171.99.1,100,0,True,2018-08-26 10:58:24,R_3rdk8qZHSdxosTT,,,,,44.786206,-93.128389,,EN,AW,Dakota County,Spring Lake Park Reserve,2,August,10,2018,10:00-12:00 PM,No,8-17-18. 10-12pm,0,0,3,0,0,0
2018-08-26 10:44:05,2018-08-26 10:45:05,Offline,207.171.99.1,100,0,True,2018-08-26 10:58:26,R_46mSpVxdrYT1kfP,,,,,44.786178,-93.128303,,EN,AW,Dakota County,Lebanon Hills Regional Park,2,August,10,2018,8:00-10:00 AM,No,8-17-18. 8-10am,0,1,16,0,0,0
2018-08-26 10:41:08,2018-08-26 10:42:13,Offline,207.171.99.1,100,0,True,2018-08-26 10:58:27,R_4BadksCkVl2zEkg,,,,,44.786186,-93.128313,,EN,AW,Dakota County,Whitetail Woods Regional Park,1,August,9,2018,6:00-8:00 PM,No,8-16-18 6-8pm,0,0,9,0,0,0
2018-08-26 10:40:17,2018-08-26 10:40:59,Offline,207.171.99.1,100,0,True,2018-08-26 10:58:28,R_32FMVJeGj1xSCB2,,,,,44.786186,-93.128313,,EN,CD,Dakota County,River to River Greenway Regional Trail,10,August,7,2018,2:00-4:00 PM,No,8-14-18. 2-4pm,0,4,0,0,0,0
2018-08-26 10:39:30,2018-08-26 10:40:05,Offline,207.171.99.1,100,0,True,2018-08-26 10:58:30,R_6WOQ1cIcyBXe2Ll,,,,,44.786192,-93.12833,,EN,ES,Dakota County,Minnesota River Greenway,2,August,14,2018,10:00-12:00 PM,Yes,,1,2,0,0,0,0
2018-08-26 10:37:49,2018-08-26 10:38:32,Offline,207.171.99.1,100,0,True,2018-08-26 10:58:31,R_aLns7kSmTWKxXqz,,,,,44.786186,-93.128315,,EN,NH,Dakota County,Mississippi River Regional Trail,3,August,5,2018,6:00-8:00 PM,No,8-12-18. 6-8pm,2,0,0,0,0,0
2018-08-26 10:37:10,2018-08-26 10:37:44,Offline,207.171.99.1,100,0,True,2018-08-26 10:58:32,R_7RdoFjkyI6ivq8g,,,,,44.786202,-93.128342,,EN,AW,Dakota County,Minnesota River Greenway,1,August,13,2018,4:00-6:00 PM,Yes,,7,8,0,0,0,0
2018-08-26 10:36:14,2018-08-26 10:36:56,Offline,207.171.99.1,100,0,True,2018-08-26 10:58:33,R_aHPfVwatfHU5tP0,,,,,44.786207,-93.128377,,EN,NM,Dakota County,Whitetail Woods Regional Park,1,August,5,2018,4:00-6:00 PM,No,8-12-18. 4-6pm,2,0,23,0,0,0
2018-08-26 10:35:07,2018-08-26 10:35:59,Offline,207.171.99.1,100,0,True,2018-08-26 10:58:35,R_2HvrLJ5AUk86FrU,,,,,44.786211,-93.128345,,EN,NH,Dakota County,River to River Greenway Regional Trail,3,August,5,2018,4:00-6:00 PM,No,8-12-18. 4-6pm,5,12,0,0,0,0
2018-08-26 10:34:02,2018-08-26 10:34:45,Offline,207.171.99.1,100,0,True,2018-08-26 10:58:36,R_8xjjhMjM3VHzGNn,,,,,44.786211,-93.128345,,EN,TS,Dakota County,Big Rivers Regional Trail,4,August,11,2018,12:00-2:00 PM,Yes,,4,9,0,0,0,0
2018-08-26 10:33:03,2018-08-26 10:33:50,Offline,207.171.99.1,100,0,True,2018-08-26 10:58:37,R_ni5ac61mri4Zg0Y,,,,,44.786211,-93.128345,,EN,TL,Dakota County,Lebanon Hills Regional Park,6,August,10,2018,6:00-8:00 PM,Yes,,12,4,7,0,0,0
2018-08-26 10:32:11,2018-08-26 10:32:57,Offline,207.171.99.1,100,0,True,2018-08-26 10:58:38,R_7fAvF5nJwzaPwfz,,,,,44.786231,-93.128388,,EN,AR,Dakota County,Spring Lake Park Reserve,1,August,3,2018,4:00-6:00 PM,No,8-10-18. 4-6pm,1,0,28,0,0,0
2018-08-26 10:30:58,2018-08-26 10:31:48,Offline,207.171.99.1,100,0,True,2018-08-26 10:58:40,R_mli227lswrBzUEk,,,,,44.786254,-93.128394,,EN,AD,Dakota County,Lake Byllesby Regional Park,2,August,2,2018,6:00-8:00 PM,No,8-9-18. 6-8pm,4,1,6,0,0,0
2018-08-26 10:30:04,2018-08-26 10:30:53,Offline,207.171.99.1,100,0,True,2018-08-26 10:58:41,R_dGA4JGFixH8Ouar,,,,,44.786208,-93.128405,,EN,AD,Dakota County,Miesville Ravine Park Reserve,1,August,2,2018,4:00-6:00 PM,No,8-9-18. 4-6pm,0,0,7,0,0,0
2018-08-26 10:28:55,2018-08-26 10:29:40,Offline,207.171.99.1,100,0,True,2018-08-26 10:58:42,R_dS92ttvRDOIz396,,,,,44.786238,-93.128525,,EN,AW,Dakota County,Whitetail Woods Regional Park,1,August,2,2018,12:00-2:00 PM,No,8-9-18. 12-2pm,2,0,7,0,0,0
2018-08-26 10:27:51,2018-08-26 10:28:38,Offline,207.171.99.1,100,0,True,2018-08-26 10:58:44,R_kJVX2U81U83akOP,,,,,44.786228,-93.128417,,EN,NM,Dakota County,Lebanon Hills Regional Park,10,August,16,2018,12:00-2:00 PM,No,8-9-18. 12-2pm,0,3,0,0,0,0
2018-08-26 10:26:39,2018-08-26 10:27:29,Offline,207.171.99.1,100,0,True,2018-08-26 10:58:45,R_ngXJ6tVhDxSI1zY,,,,,44.786228,-93.128417,,EN,AW,Dakota County,Spring Lake Park Reserve,2,August,2,2018,10:00-12:00 PM,No,8-9-18. 10-12pm,0,0,8,0,0,0
2018-08-26 10:24:49,2018-08-26 10:25:22,Offline,207.171.99.1,100,0,True,2018-08-26 10:58:46,R_0BoMnU8uRt2yZqx,,,,,44.786236,-93.128363,,EN,AD,Dakota County,Whitetail Woods Regional Park,3,August,8,2018,2:00-4:00 PM,Yes,,0,3,0,0,0,0
2018-08-26 10:23:40,2018-08-26 10:24:34,Offline,207.171.99.1,100,0,True,2018-08-26 10:58:48,R_4UkEuzwlZRwqOwa,,,,,44.78619,-93.12835,,EN,AR,Dakota County,Whitetail Woods Regional Park,2,July,31,2018,10:00-12:00 PM,No,8-7-18. 10-12pm,0,2,1,0,0,0
2018-08-26 10:22:43,2018-08-26 10:23:28,Offline,207.171.99.1,100,0,True,2018-08-26 10:58:49,R_dJgGyHknYEBjQJp,,,,,44.786229,-93.128434,,EN,LM,Dakota County,Minnesota River Greenway,1,July,29,2018,2:00-4:00 PM,No,8-5-18. 2-4pm,29,17,0,0,0,0
2018-08-26 10:21:41,2018-08-26 10:22:29,Offline,207.171.99.1,100,1,True,2018-08-26 10:58:51,R_dhWvtPa1OgsvfZx,,,,,44.786235,-93.128399,,EN,KO,Dakota County,Big Rivers Regional Trail,6,July,29,2018,10:00-12:00 PM,No,8-5-18. 10-12pm,19,3,0,0,0,0
2018-08-26 10:20:03,2018-08-26 10:20:37,Offline,207.171.99.1,100,0,True,2018-08-26 10:58:52,R_nT9uSPKpNKuK2Bw,,,,,44.786221,-93.128406,,EN,AW,Dakota County,Miesville Ravine Park Reserve,1,August,4,2018,6:00-8:00 PM,Yes,,0,0,2,0,0,0
2018-08-26 10:19:15,2018-08-26 10:19:52,Offline,207.171.99.1,100,0,True,2018-08-26 10:58:53,R_csyCTw063V3Oibc,,,,,44.786221,-93.128406,,EN,AW,Dakota County,Lake Byllesby Regional Park,2,August,4,2018,4:00-6:00 PM,Yes,,0,0,3,0,0,0
2018-08-26 10:18:10,2018-08-26 10:19:00,Offline,207.171.99.1,100,0,True,2018-08-26 10:58:55,R_o56XNEmwc9txzOk,,,,,44.786207,-93.128337,,EN,CD,Dakota County,Lebanon Hills Regional Park,1,July,28,2018,12:00-2:00 PM,No,8-4-18. 12-2pm,3,0,138,0,0,0
2018-08-26 10:17:17,2018-08-26 10:18:03,Offline,207.171.99.1,100,0,True,2018-08-26 10:58:56,R_l9SFTK3zvlIHmse,,,,,44.78626,-93.128404,,EN,CD,Dakota County,Spring Lake Park Reserve,2,July,28,2018,10:00-12:00 PM,No,8-4-18. 10-12pm,20,5,0,0,0,0
2018-08-26 10:14:58,2018-08-26 10:15:49,Offline,207.171.99.1,100,0,True,2018-08-26 10:58:57,R_3iLjN12ZLFJE5mt,,,,,44.786217,-93.128413,,EN,AD,Dakota County,Spring Lake Park Reserve,1,July,25,2018,12:00-2:00 PM,No,8-1-18. 12-2pm,4,0,17,0,0,0
2018-08-26 10:13:43,2018-08-26 10:14:51,Offline,207.171.99.1,100,0,True,2018-08-26 10:58:59,R_kY2xmlIob1xpSVt,,,,,44.786198,-93.12835,,EN,NB,Dakota County,Lebanon Hills Regional Park,1,July,25,2018,10:00-12:00 PM,No,8-1-18. 10-12pm,0,0,34,1,0,0
2018-08-26 10:12:56,2018-08-26 10:13:36,Offline,207.171.99.1,100,0,True,2018-08-26 10:59:00,R_eV61TLOirD3qZDg,,,,,44.78621,-93.128404,,EN,ND,Dakota County,Big Rivers Regional Trail,4,July,30,2018,6:00-8:00 PM,Yes,,6,3,0,0,0,0
2018-08-26 10:12:14,2018-08-26 10:12:49,Offline,207.171.99.1,100,0,True,2018-08-26 10:59:01,R_kgDEHeUkaNOihjA,,,,,44.786185,-93.128334,,EN,KO,Dakota County,Big Rivers Regional Trail,1,July,28,2018,6:00-8:00 PM,Yes,,7,4,0,0,0,0
2018-08-26 10:11:18,2018-08-26 10:11:59,Offline,207.171.99.1,100,0,True,2018-08-26 10:59:03,R_2VooRzTueqmKElb,,,,,44.786216,-93.128408,,EN,TS,Dakota County,Big Rivers Regional Trail,5,July,27,2018,8:00-10:00 AM,Yes,,3,7,0,0,0,0
2018-08-26 10:09:47,2018-08-26 10:11:05,Offline,207.171.99.1,100,0,True,2018-08-26 10:59:04,R_mJFBvtU6oRqzWEi,,,,,44.786216,-93.128408,,EN,ND,Dakota County,Minnesota River Greenway,1,August,1,2018,12:00-2:00 PM,No,7-25-18. 12-2pm,13,1,0,0,0,0
2018-08-26 10:07:10,2018-08-26 10:07:56,Offline,207.171.99.1,100,0,True,2018-08-26 10:59:05,R_eoC22AqoALw6AuN,,,,,44.786196,-93.128338,,EN,TL,Dakota County,River to River Greenway Regional Trail,19,July,24,2018,4:00-6:00 PM,Yes,,11,22,0,0,0,0
2018-08-26 10:06:30,2018-08-26 10:07:05,Offline,207.171.99.1,100,0,True,2018-08-26 10:59:06,R_ei6zXDJEfQBpL4R,,,,,44.786193,-93.128366,,EN,TL,Dakota County,Mississippi River Regional Trail,11,July,24,2018,2:00-4:00 PM,Yes,,8,19,0,0,0,0
2018-08-26 10:05:21,2018-08-26 10:06:11,Offline,207.171.99.1,100,0,True,2018-08-26 10:59:08,R_ks4bJRpNExGNDZT,,,,,44.786185,-93.128387,,EN,AM,Dakota County,Mississippi River Regional Trail,8,July,29,2018,6:00-8:00 PM,No,7-22-18 6-8pm,4,5,0,0,0,0
2018-08-26 10:04:26,2018-08-26 10:05:14,Offline,207.171.99.1,100,0,True,2018-08-26 10:59:09,R_88qgFg5nlKkqq8Z,,,,,44.786187,-93.128316,,EN,KO,Dakota County,Big Rivers Regional Trail,5,July,22,2018,6:00-8:00 PM,Yes,,6,5,0,0,0,0
2018-08-26 10:03:24,2018-08-26 10:04:19,Offline,207.171.99.1,100,0,True,2018-08-26 10:59:10,R_6Rs6SMRt5Pc49ZJ,,,,,44.786188,-93.128333,,EN,KO,Dakota County,Whitetail Woods Regional Park,1,July,22,2018,4:00-6:00 PM,Yes,,2,27,10,0,0,0
2018-08-26 10:02:38,2018-08-26 10:03:17,Offline,207.171.99.1,100,0,True,2018-08-26 10:59:11,R_6v8gdGHzezJRpQ4,,,,,44.786063,-93.128205,,EN,ND,Dakota County,River to River Greenway Regional Trail,3,July,22,2018,10:00-12:00 PM,Yes,,37,14,0,0,0,0
2018-08-26 10:01:32,2018-08-26 10:02:29,Offline,207.171.99.1,100,0,True,2018-08-26 10:59:12,R_6HanKE3wWrxgJ99,,,,,44.786063,-93.128205,,EN,NM,Dakota County,Minnesota River Greenway,2,July,29,2018,8:00-10:00 AM,No,7-22-18 8-10am,9,4,0,0,0,0
2018-08-26 09:59:04,2018-08-26 10:00:04,Offline,207.171.99.1,100,0,True,2018-08-26 10:59:14,R_oLJfDRXnEKL2zl8,,,,,44.786195,-93.128463,,EN,LM,Dakota County,Minnesota River Greenway,2,July,28,2018,8:00-10:00 AM,No,7-21-18. 8-10am,4,17,0,0,0,0
2018-08-26 09:50:59,2018-08-26 09:51:38,Offline,207.171.99.1,100,0,True,2018-08-26 10:59:15,R_cWmulrHXKOIktcS,,,,,44.786203,-93.128327,,EN,TL,Dakota County,River to River Greenway Regional Trail,1,July,21,2018,2:00-4:00 PM,Yes,,6,39,0,0,0,0
2018-09-06 15:00:24,2018-09-06 15:00:59,Offline,207.171.99.1,100,0,True,2018-09-06 15:01:24,R_c1QXXzNmKgyrgnj,,,,,44.786334,-93.12864,,EN,NB,Dakota County,Lebanon Hills Regional Park,1,September,3,2018,4:00-6:00 PM,Yes,,0,1,35,0,0,0
2018-09-06 14:59:40,2018-09-06 15:00:12,Offline,207.171.99.1,100,0,True,2018-09-06 15:01:26,R_lBd7OCCl0xhf9GR,,,,,44.786343,-93.128616,,EN,LM,Dakota County,Spring Lake Park Reserve,1,September,3,2018,2:00-4:00 PM,Yes,,14,5,34,0,0,0
2018-09-06 14:58:48,2018-09-06 14:59:32,Offline,207.171.99.1,100,1,True,2018-09-06 15:01:28,R_8EBeKjdPy5KaiJe,,,,,44.786346,-93.128683,,EN,ND,Dakota County,Whitetail Woods Regional Park,1,September,3,2018,8:00-10:00 AM,Yes,,0,0,11,0,0,0
2018-09-06 14:58:12,2018-09-06 14:58:42,Offline,207.171.99.1,100,0,True,2018-09-06 15:01:29,R_kO9eomxry1Oufwy,,,,,44.786375,-93.128738,,EN,SF,Dakota County,Whitetail Woods Regional Park,3,September,2,2018,4:00-6:00 PM,Yes,,0,6,0,0,0,0
2018-09-06 14:57:21,2018-09-06 14:58:07,Offline,207.171.99.1,100,0,True,2018-09-06 15:01:31,R_lDYhJG50i1lpFbT,,,,,44.786319,-93.128706,,EN,MK,Dakota County,Lebanon Hills Regional Park,1,September,1,2018,4:00-6:00 PM,Yes,,2,0,120,0,0,0
2018-09-06 14:56:28,2018-09-06 14:57:12,Offline,207.171.99.1,100,0,True,2018-09-06 15:01:33,R_3RqkVKmkNBtNlMV,,,,,44.786344,-93.128736,,EN,LL,Dakota County,Spring Lake Park Reserve,1,September,1,2018,2:00-4:00 PM,Yes,,11,47,20,0,0,0
2018-09-06 14:55:49,2018-09-06 14:56:23,Offline,207.171.99.1,100,0,True,2018-09-06 15:01:35,R_cE2DAzAXqVj2xF2,,,,,44.78636,-93.12877,,EN,MD,Dakota County,Mississippi River Regional Trail,12,August,31,2018,2:00-4:00 PM,Yes,,1,2,0,0,0,0
2018-09-06 14:55:11,2018-09-06 14:55:42,Offline,207.171.99.1,100,0,True,2018-09-06 15:01:36,R_1h0Rry0x8JaIzox,,,,,44.786342,-93.128742,,EN,ND,Dakota County,River to River Greenway Regional Trail,5,August,31,2018,12:00-2:00 PM,Yes,,1,2,0,0,0,0
2018-09-06 14:54:20,2018-09-06 14:55:00,Offline,207.171.99.1,100,0,True,2018-09-06 15:01:37,R_e8TJhZ6CrD2bJgr,,,,,44.786358,-93.128789,,EN,SF,Dakota County,Lake Byllesby Regional Park,1,August,31,2018,2:00-4:00 PM,Yes,,4,3,2,0,0,0
2018-09-06 14:53:41,2018-09-06 14:54:15,Offline,207.171.99.1,100,0,True,2018-09-06 15:01:39,R_bzfEXeXV8Vezfib,,,,,44.786337,-93.128766,,EN,SF,Dakota County,Miesville Ravine Park Reserve,1,August,31,2018,12:00-2:00 PM,Yes,,0,0,2,2,0,0
2018-09-06 14:52:54,2018-09-06 14:53:34,Offline,207.171.99.1,100,0,True,2018-09-06 15:01:41,R_iTYz48pPzO5Tv56,,,,,44.786331,-93.128829,,EN,AW,Dakota County,Minnesota River Greenway,1,August,29,2018,2:00-4:00 PM,Yes,,13,7,0,0,0,0
2018-09-06 14:52:00,2018-09-06 14:52:36,Offline,207.171.99.1,100,0,True,2018-09-06 15:01:42,R_aTEKFtNJcHTgdcq,,,,,44.786353,-93.128703,,EN,SF,Dakota County,River to River Greenway Regional Trail,4,August,29,2018,6:00-8:00 PM,Yes,,6,11,0,0,0,0
2018-09-06 14:51:06,2018-09-06 14:51:48,Offline,207.171.99.1,100,0,True,2018-09-06 15:01:44,R_0tiI7ifCDUrfO1p,,,,,44.786374,-93.128696,,EN,SP,Dakota County,Mississippi River Regional Trail,6,August,29,2018,4:00-6:00 PM,Yes,,1,8,0,0,0,0
2018-09-06 14:50:34,2018-09-06 14:51:01,Offline,207.171.99.1,100,0,True,2018-09-06 15:01:45,R_dr0zkuCogJtqdX4,,,,,44.786405,-93.128586,,EN,CD,Dakota County,Miesville Ravine Park Reserve,1,August,28,2018,2:00-4:00 PM,Yes,,0,0,0,0,0,0
2018-09-06 14:49:50,2018-09-06 14:50:21,Offline,207.171.99.1,100,0,True,2018-09-06 15:01:47,R_lFM4NtoCPhbfwQt,,,,,44.786345,-93.128809,,EN,CD,Dakota County,Lake Byllesby Regional Park,1,August,28,2018,12:00-2:00 PM,Yes,,0,0,1,0,0,0
2018-09-06 14:48:51,2018-09-06 14:49:39,Offline,207.171.99.1,100,0,True,2018-09-06 15:01:48,R_gph2Hzpeok05kiG,,,,,44.786345,-93.128568,,EN,NB,Dakota County,Big Rivers Regional Trail,2,August,29,2018,12:00-2:00 PM,No,8-27-18. 12-2pm,7,7,0,0,0,0
2018-09-06 14:47:54,2018-09-06 14:48:30,Offline,207.171.99.1,100,0,True,2018-09-06 15:01:49,R_1lbzvQlo9aoUxdI,,,,,44.786345,-93.128568,,EN,BP,Dakota County,River to River Greenway Regional Trail,17,August,26,2018,4:00-6:00 PM,Yes,,5,15,0,0,0,0
2018-09-06 14:46:53,2018-09-06 14:47:40,Offline,207.171.99.1,100,0,True,2018-09-06 15:01:51,R_ionDrbIQypcq9am,,,,,44.78641,-93.128566,,EN,BP,Dakota County,Mississippi River Regional Trail,9,August,26,2018,2:00-4:00 PM,Yes,,2,22,0,0,0,0
2018-09-06 14:45:42,2018-09-06 14:46:35,Offline,207.171.99.1,100,0,True,2018-09-06 15:01:52,R_6M9qrBZkiQJx5te,,,,,44.786406,-93.128582,,EN,KO,Dakota County,Mississippi River Regional Trail,3,August,7,2018,12:00-2:00 PM,No,8-14-18. 12-2pm,6,4,0,0,0,0
