StartDate,EndDate,Status,IPAddress,Progress,Duration (in seconds),Finished,RecordedDate,ResponseId,RecipientLastName,RecipientFirstName,RecipientEmail,ExternalReference,LocationLatitude,LocationLongitude,DistributionChannel,UserLanguage,Q29,Q1,Q16,Q17,Q17,Q19,Q21,Q26,Q27,Q28,Q21,Q22,Q23,Q24,Q26,Q27
Start Date,End Date,Response Type,IP Address,Progress,Duration (in seconds),Finished,Recorded Date,Response ID,Recipient Last Name,Recipient First Name,Recipient Email,External Data Reference,Location Latitude,Location Longitude,Distribution Channel,User Language,What are your initials?,Agency Name,Park or Trail,Site Entrance Number,What month is it?,What day of the month is it?,What is the year?,Which timeslot best represents the time you will be onsite to conduct the count?,Is this a scheduled count? (was this count originally scheduled for the date and timeblock previously indicated?),"If not, when was it scheduled? Include date and time.","Bikes

Indicate total number of bikes, tricycles, unicycles, motorcycles. Count people, not the number of bikes. If there are 2 people on 1 bike, count it as 2.","Pedestrian/Skaters

Indicate total number of walkers, joggers, runners, baby strollers, skateboarders, inline and roller skaters, people in wheelchairs, etc.","Vehicles

Indicate total number of cars, vans, pickup trucks, and metro mobility van/buses.

Count the number of vehicles, not the number of people in them.","Buses

Indicate total number of charter, school, church group vehicles that hold more than 8 people. Be sure that the bus enters the park. Metro Transit buses on regular routes never enter parks and are NOT counted. 

Count the number of buses, not the number of people in them.","Horse Riders

Indicate total number of people on horses, not the number of horses. Two people on one horse =2 visits. Do not count mounted police or park patrols.","Boaters

Indicate total number of people arriving at the park by boat, not those towing a boat (that's counted in the vehicle category)."
"{""ImportId"":""startDate"",""timeZone"":""America/Chicago""}","{""ImportId"":""endDate"",""timeZone"":""America/Chicago""}","{""ImportId"":""status""}","{""ImportId"":""ipAddress""}","{""ImportId"":""progress""}","{""ImportId"":""duration""}","{""ImportId"":""finished""}","{""ImportId"":""recordedDate"",""timeZone"":""America/Chicago""}","{""ImportId"":""_recordId""}","{""ImportId"":""recipientLastName""}","{""ImportId"":""recipientFirstName""}","{""ImportId"":""recipientEmail""}","{""ImportId"":""externalDataReference""}","{""ImportId"":""locationLatitude""}","{""ImportId"":""locationLongitude""}","{""ImportId"":""distributionChannel""}","{""ImportId"":""userLanguage""}","{""ImportId"":""QID29_TEXT""}","{""ImportId"":""QID1""}","{""ImportId"":""QID16""}","{""ImportId"":""QID17_TEXT""}","{""ImportId"":""QID41""}","{""ImportId"":""QID43""}","{""ImportId"":""QID45""}","{""ImportId"":""QID26""}","{""ImportId"":""QID27""}","{""ImportId"":""QID28_TEXT""}","{""ImportId"":""QID33_TEXT""}","{""ImportId"":""QID34_TEXT""}","{""ImportId"":""QID35_TEXT""}","{""ImportId"":""QID36_TEXT""}","{""ImportId"":""QID38_TEXT""}","{""ImportId"":""QID39_TEXT""}"
2018-06-05 11:46:51,2018-06-05 11:56:49,Survey Preview,,100,597,True,2018-06-05 11:56:49,R_1BUT32qKm6gYziJ,,,,,44.805404663086,-93.624801635742,preview,EN,sh,Washington County,Point Douglas Regional Trail,1,June,3,2018,12:00-2:00 PM,Yes,,9,12,0,0,0,0
2018-06-05 11:56:54,2018-06-05 11:58:06,Survey Preview,,100,72,True,2018-06-05 11:58:06,R_1oCsVXB021Wnb4d,,,,,44.805404663086,-93.624801635742,preview,EN,sh,Washington County,St. Croix Bluffs Regional Park,1,June,2,2018,2:00-4:00 PM,Yes,,0,0,28,0,0,0
2018-06-05 11:58:09,2018-06-05 11:58:53,Survey Preview,,100,43,True,2018-06-05 11:58:53,R_2SwdwxQDQCzsTe8,,,,,44.805404663086,-93.624801635742,preview,EN,mh,Washington County,Point Douglas Regional Trail,1,May,28,2018,12:00-2:00 PM,Yes,,2,15,0,0,0,0
2018-06-05 11:59:01,2018-06-05 11:59:55,Survey Preview,,100,53,True,2018-06-05 11:59:55,R_3hzrjGdtObtceNO,,,,,44.805404663086,-93.624801635742,preview,EN,sh,Washington County,Point Douglas Regional Trail,1,May,31,2018,6:00-8:00 PM,Yes,,7,6,0,0,0,0
2018-06-05 12:00:02,2018-06-05 12:00:36,Survey Preview,,100,34,True,2018-06-05 12:00:36,R_1OwwES9m8GtvhbZ,,,,,44.805404663086,-93.624801635742,preview,EN,sh,Washington County,Point Douglas Regional Trail,1,May,29,2018,10:00-12:00 PM,Yes,,0,4,0,0,0,0
2018-06-05 12:00:40,2018-06-05 12:01:30,Survey Preview,,100,49,True,2018-06-05 12:01:31,R_31vdmenCprZmipY,,,,,44.805404663086,-93.624801635742,preview,EN,GK,Washington County,St. Croix Bluffs Regional Park,1,May,26,2018,2:00-4:00 PM,Yes,,5,1,37,0,0,0
2018-06-05 12:01:32,2018-06-05 12:02:20,Survey Preview,,100,48,True,2018-06-05 12:02:21,R_1QbiZo3lPrZp4A3,,,,,44.805404663086,-93.624801635742,preview,EN,jj,Washington County,Point Douglas Regional Trail,1,May,26,2018,12:00-2:00 PM,Yes,,5,2,0,0,0,0
2018-06-05 12:02:22,2018-06-05 12:03:05,Survey Preview,,100,42,True,2018-06-05 12:03:05,R_2ZK24bnsFwJILYh,,,,,44.805404663086,-93.624801635742,preview,EN,jj,Washington County,Point Douglas Regional Trail,1,May,27,2018,12:00-2:00 PM,Yes,,3,8,0,0,0,0
2018-06-05 12:03:06,2018-06-05 12:03:42,Survey Preview,,100,35,True,2018-06-05 12:03:43,R_3h4w8oqnbf8enTg,,,,,44.805404663086,-93.624801635742,preview,EN,jj,Washington County,Point Douglas Regional Trail,1,May,26,2018,10:00-12:00 PM,Yes,,9,4,0,0,0,0
2018-06-17 18:02:44,2018-06-17 18:04:21,Survey Preview,,100,97,True,2018-06-17 18:04:22,R_2Xd59DchhP8gtuH,,,,,44.805404663086,-93.624801635742,preview,EN,jj,Washington County,Point Douglas Regional Trail,1,June,17,2018,2:00-4:00 PM,Yes,,6,7,0,0,0,0
2018-06-17 18:04:28,2018-06-17 18:05:04,Survey Preview,,100,35,True,2018-06-17 18:05:04,R_z9bdMVre0OZsPN7,,,,,44.805404663086,-93.624801635742,preview,EN,jj,Washington County,Point Douglas Regional Trail,1,June,11,2018,4:00-6:00 PM,Yes,,2,0,0,0,0,0
2018-06-17 18:06:11,2018-06-17 18:06:38,Survey Preview,,100,27,True,2018-06-17 18:06:39,R_31Yr88ULvMiicWu,,,,,44.805404663086,-93.624801635742,preview,EN,ab,Washington County,St. Croix Bluffs Regional Park,1,June,16,2018,6:00-8:00 PM,Yes,,0,0,34,0,0,0
2018-06-17 18:06:44,2018-06-17 18:07:27,Survey Preview,,100,43,True,2018-06-17 18:07:28,R_x65f2T5eU2PM1ot,,,,,44.805404663086,-93.624801635742,preview,EN,KC,Washington County,St. Croix Bluffs Regional Park,1,June,15,2018,10:00-12:00 PM,Yes,,0,0,37,0,0,0
2018-06-17 18:07:36,2018-06-17 18:08:10,Survey Preview,,100,33,True,2018-06-17 18:08:11,R_3dEqo74o7d3ooNi,,,,,44.805404663086,-93.624801635742,preview,EN,jj,Washington County,Point Douglas Regional Trail,1,June,11,2018,12:00-2:00 PM,Yes,,1,2,0,0,0,0
2018-06-17 18:08:15,2018-06-17 18:09:02,Survey Preview,,100,46,True,2018-06-17 18:09:02,R_VVGedN8l9uE4qDD,,,,,44.805404663086,-93.624801635742,preview,EN,MS,Washington County,Square Lake Special Recreation Feature,1,June,1,2018,10:00-12:00 PM,Yes,,1,0,24,0,0,0
2018-06-17 18:09:07,2018-06-17 18:10:04,Survey Preview,,100,57,True,2018-06-17 18:10:04,R_2aDEvWw61yVmTEO,,,,,44.805404663086,-93.624801635742,preview,EN,MS,Washington County,Big Marine Park Reserve,1,June,9,2018,8:00-10:00 AM,Yes,,2,1,14,0,0,0
2018-06-17 18:10:09,2018-06-17 18:10:53,Survey Preview,,100,43,True,2018-06-17 18:10:53,R_2E0lbaw1hN8Gsdv,,,,,44.805404663086,-93.624801635742,preview,EN,MS,Washington County,Pine Point Regional Park,1,June,6,2018,8:00-10:00 AM,Yes,,15,0,8,0,0,0
2018-06-17 18:11:10,2018-06-17 18:12:17,Survey Preview,,100,67,True,2018-06-17 18:12:17,R_b8Yjxba10ReoHE5,,,,,44.805404663086,-93.624801635742,preview,EN,mh,Washington County,Point Douglas Regional Trail,1,June,6,2018,8:00-10:00 AM,No,5/30/18 8am,0,1,0,0,0,0
2018-06-17 18:12:31,2018-06-17 18:13:09,Survey Preview,,100,38,True,2018-06-17 18:13:10,R_1Cf2WVV62SKcaHD,,,,,44.805404663086,-93.624801635742,preview,EN,JJ,Washington County,Point Douglas Regional Trail,1,June,6,2018,12:00-2:00 PM,Yes,,4,3,0,0,0,0
2018-06-17 18:13:20,2018-06-17 18:13:52,Survey Preview,,100,31,True,2018-06-17 18:13:52,R_R2pmdOluGfijeVP,,,,,44.805404663086,-93.624801635742,preview,EN,JJ,Washington County,Point Douglas Regional Trail,1,June,5,2018,4:00-6:00 PM,Yes,,2,1,0,0,0,0
2018-06-17 18:13:57,2018-06-17 18:14:29,Survey Preview,,100,32,True,2018-06-17 18:14:30,R_3M688ruhiN7i2ni,,,,,44.805404663086,-93.624801635742,preview,EN,JJ,Washington County,Point Douglas Regional Trail,1,June,5,2018,2:00-4:00 PM,Yes,,2,4,0,0,0,0
2018-06-17 18:14:36,2018-06-17 18:15:06,Survey Preview,,100,29,True,2018-06-17 18:15:07,R_1eQSFriFGi3HkXh,,,,,44.805404663086,-93.624801635742,preview,EN,AB,Washington County,St. Croix Bluffs Regional Park,1,June,9,2018,2:00-4:00 PM,Yes,,0,0,22,0,0,0
2018-06-17 18:15:11,2018-06-17 18:15:41,Survey Preview,,100,29,True,2018-06-17 18:15:41,R_ysaiDqZOhu0Mnx7,,,,,44.805404663086,-93.624801635742,preview,EN,JJ,Washington County,Point Douglas Regional Trail,1,June,9,2018,12:00-2:00 PM,Yes,,2,1,0,0,0,0
2018-06-17 18:15:48,2018-06-17 18:16:22,Survey Preview,,100,33,True,2018-06-17 18:16:23,R_8uMu3sYFvwLDlJL,,,,,44.805404663086,-93.624801635742,preview,EN,JJ,Washington County,Point Douglas Regional Trail,1,June,9,2018,8:00-10:00 AM,Yes,,1,7,0,0,0,0
2018-06-17 18:16:26,2018-06-17 18:17:42,Survey Preview,,100,76,True,2018-06-17 18:17:43,R_7P8UStUp1z3h3KF,,,,,44.805404663086,-93.624801635742,preview,EN,lg,Washington County,Big Marine Park Reserve,1,May,26,2018,12:00-2:00 PM,Yes,,0,0,54,0,0,0
2018-06-17 18:17:45,2018-06-17 18:18:34,Survey Preview,,100,49,True,2018-06-17 18:18:34,R_Q4J1oM0shRUH0n7,,,,,44.805404663086,-93.624801635742,preview,EN,kh,Washington County,Lake Elmo Park Reserve,1,June,5,2018,2:00-4:00 PM,Yes,,4,0,114,0,0,0
2018-06-17 18:18:38,2018-06-17 18:19:15,Survey Preview,,100,37,True,2018-06-17 18:19:16,R_1DIlUu28vHYugEH,,,,,44.805404663086,-93.624801635742,preview,EN,kh,Washington County,Lake Elmo Park Reserve,1,June,7,2018,6:00-8:00 PM,Yes,,0,2,67,0,0,0
2018-07-03 15:49:26,2018-07-03 15:50:15,Survey Preview,,100,49,True,2018-07-03 15:50:16,R_RgfYKV6Ifx7Sg7f,,,,,44.805404663086,-93.624801635742,preview,EN,BF,Washington County,Square Lake Special Recreation Feature,1,June,25,2018,2:00-4:00 PM,Yes,,0,1,35,0,0,0
2018-07-03 15:50:20,2018-07-03 15:51:00,Survey Preview,,100,39,True,2018-07-03 15:51:00,R_2fwzuAeQEaqqGKx,,,,,45.002807617188,-93.08260345459,preview,EN,MS,Washington County,Big Marine Park Reserve,1,June,28,2018,4:00-6:00 PM,Yes,,0,0,19,0,0,0
2018-07-03 15:51:05,2018-07-03 15:51:45,Survey Preview,,100,39,True,2018-07-03 15:51:45,R_2Vz2E6VXapIy9tu,,,,,44.805404663086,-93.624801635742,preview,EN,MS,Washington County,Hardwood Creek Regional Park,8,June,27,2018,10:00-12:00 PM,Yes,,10,6,0,0,0,0
2018-07-03 15:51:50,2018-07-03 15:52:24,Survey Preview,,100,34,True,2018-07-03 15:52:24,R_3jZ3yOrhQfBvD2P,,,,,44.805404663086,-93.624801635742,preview,EN,KH,Washington County,Lake Elmo Park Reserve,1,June,18,2018,10:00-12:00 PM,Yes,,0,0,30,0,0,0
2018-07-03 15:52:31,2018-07-03 15:53:03,Survey Preview,,100,31,True,2018-07-03 15:53:03,R_10T6HbQdyeJKiBr,,,,,44.805404663086,-93.624801635742,preview,EN,SH,Washington County,Point Douglas Regional Trail,2,June,17,2018,4:00-6:00 PM,Yes,,2,0,0,0,0,0
2018-07-03 15:53:07,2018-07-03 15:53:45,Survey Preview,,100,37,True,2018-07-03 15:53:45,R_2c28rJQF4iaw0nb,,,,,44.805404663086,-93.624801635742,preview,EN,GK,Washington County,St. Croix Bluffs Regional Park,1,June,21,2018,10:00-12:00 PM,Yes,,0,0,11,0,0,0
2018-07-03 15:53:50,2018-07-03 15:54:44,Survey Preview,,100,53,True,2018-07-03 15:54:44,R_1P2a3r2C1OARGUo,,,,,45.002807617188,-93.08260345459,preview,EN,JJ,Washington County,Cottage Grove Ravine Regional Park,1,June,21,2018,2:00-4:00 PM,No,6/14/18 2-4pm,2,0,71,0,0,0
2018-07-03 15:54:48,2018-07-03 15:55:32,Survey Preview,,100,44,True,2018-07-03 15:55:32,R_3D1kS9wiEsc5LV4,,,,,45.002807617188,-93.08260345459,preview,EN,JJ,Washington County,Point Douglas Regional Trail,1,June,18,2018,12:00-2:00 PM,Yes,,1,6,0,0,0,0
2018-07-03 15:55:36,2018-07-03 15:56:21,Survey Preview,,100,45,True,2018-07-03 15:56:21,R_cXQveQdez7IqUE1,,,,,45.002807617188,-93.08260345459,preview,EN,JJ,Washington County,Point Douglas Regional Trail,1,June,18,2018,8:00-10:00 AM,No,6/25/18 8-10am,0,4,0,0,0,0
2018-07-09 11:01:13,2018-07-09 11:01:59,Survey Preview,,100,46,True,2018-07-09 11:01:59,R_2fBT6iBGJQcgI5z,,,,,45.002807617188,-93.08260345459,preview,EN,sh,Washington County,St. Croix Bluffs Regional Park,1,July,9,2018,8:00-10:00 AM,Yes,,0,0,4,0,0,0
2018-07-09 11:02:03,2018-07-09 11:03:28,Survey Preview,,100,85,True,2018-07-09 11:03:28,R_3qO69uoul0tsMRi,,,,,44.805404663086,-93.624801635742,preview,EN,IS,Washington County,Square Lake Special Recreation Feature,1,July,8,2018,8:00-10:00 AM,Yes,,7,1,32,0,0,0
2018-07-09 11:03:32,2018-07-09 11:04:27,Survey Preview,,100,54,True,2018-07-09 11:04:27,R_2PdRpD3Ska6UCpk,,,,,45.002807617188,-93.08260345459,preview,EN,MS,Washington County,Pine Point Regional Park,2,July,1,2018,10:00-12:00 PM,Yes,,1,1,0,0,0,0
2018-07-09 11:04:32,2018-07-09 11:05:10,Survey Preview,,100,38,True,2018-07-09 11:05:10,R_O8SGUjVohUyJgxH,,,,,45.002807617188,-93.08260345459,preview,EN,KN,Washington County,Square Lake Special Recreation Feature,1,July,4,2018,4:00-6:00 PM,Yes,,0,0,18,0,0,0
2018-07-09 11:05:13,2018-07-09 11:06:03,Survey Preview,,100,49,True,2018-07-09 11:06:03,R_bPWLCeITRFhBgQ1,,,,,45.002807617188,-93.08260345459,preview,EN,IS,Washington County,Hardwood Creek Regional Park,2,July,4,2018,8:00-10:00 AM,Yes,,30,15,0,0,0,0
2018-07-09 11:06:05,2018-07-09 11:06:55,Survey Preview,,100,50,True,2018-07-09 11:06:56,R_1psZEdFYMv8epPY,,,,,44.805404663086,-93.624801635742,preview,EN,IS,Washington County,Pine Point Regional Park,2,July,1,2018,6:00-8:00 PM,Yes,,13,3,0,0,0,0
2018-07-09 11:06:58,2018-07-09 11:07:40,Survey Preview,,100,42,True,2018-07-09 11:07:41,R_2zZnPLYnKJ2GnP2,,,,,45.002807617188,-93.08260345459,preview,EN,GS,Washington County,Lake Elmo Park Reserve,1,July,8,2018,4:00-6:00 PM,Yes,,0,1,255,0,0,0
2018-07-09 11:07:45,2018-07-09 11:08:40,Survey Preview,,100,55,True,2018-07-09 11:08:41,R_1g5UY2qax4wArW2,,,,,45.002807617188,-93.08260345459,preview,EN,GS,Washington County,Lake Elmo Park Reserve,1,July,5,2018,10:00-12:00 PM,Yes,,2,1,176,2,1,0
2018-07-09 11:08:43,2018-07-09 11:09:28,Survey Preview,,100,44,True,2018-07-09 11:09:28,R_svfa8LUQRDy8jAt,,,,,44.805404663086,-93.624801635742,preview,EN,JJ,Washington County,Cottage Grove Ravine Regional Park,1,July,8,2018,8:00-10:00 AM,Yes,,0,0,31,0,0,0
2018-07-09 11:09:31,2018-07-09 11:10:25,Survey Preview,,100,53,True,2018-07-09 11:10:25,R_2DOb03OEct3M8Ug,,,,,45.002807617188,-93.08260345459,preview,EN,JJ,Washington County,Point Douglas Regional Trail,2,July,7,2018,6:00-8:00 PM,Yes,,12,0,0,0,0,0
2018-07-09 11:10:31,2018-07-09 11:12:12,Survey Preview,,100,100,True,2018-07-09 11:12:12,R_1OjjZQiAuhEGUf8,,,,,45.002807617188,-93.08260345459,preview,EN,JJ,Washington County,Point Douglas Regional Trail,2,July,5,2018,4:00-6:00 PM,Yes,,12,0,0,0,0,0
2018-07-09 11:12:14,2018-07-09 11:12:52,Survey Preview,,100,38,True,2018-07-09 11:12:53,R_3nwHP9yxT0E410z,,,,,45.002807617188,-93.08260345459,preview,EN,JJ,Washington County,Cottage Grove Ravine Regional Park,2,July,2,2018,2:00-4:00 PM,Yes,,2,3,0,0,0,0
2018-07-09 11:12:54,2018-07-09 11:13:38,Survey Preview,,100,44,True,2018-07-09 11:13:39,R_3F4HOuVpXxD5bLA,,,,,45.002807617188,-93.08260345459,preview,EN,JJ,Washington County,Cottage Grove Ravine Regional Park,1,July,2,2018,12:00-2:00 PM,Yes,,1,0,22,0,0,0
2018-07-09 11:13:40,2018-07-09 11:15:34,Survey Preview,,100,113,True,2018-07-09 11:15:34,R_2TAHP5YSnPwAeXL,,,,,45.002807617188,-93.08260345459,preview,EN,JJ,Washington County,Cottage Grove Ravine Regional Park,1,July,1,2018,6:00-8:00 PM,No,6/24/18 6-8pm,6,0,46,0,0,0
2018-07-09 11:15:42,2018-07-09 11:16:35,Survey Preview,,100,52,True,2018-07-09 11:16:35,R_2QYAdGsVL7Pwp6S,,,,,45.002807617188,-93.08260345459,preview,EN,JJ,Washington County,Point Douglas Regional Trail,1,July,1,2018,4:00-6:00 PM,No,6/24/18 4-6pm,5,7,0,0,0,0
2018-07-09 11:16:44,2018-07-09 11:17:23,Survey Preview,,100,39,True,2018-07-09 11:17:25,R_2XbnsJX4ODfb0bD,,,,,44.805404663086,-93.624801635742,preview,EN,JJ,Washington County,Point Douglas Regional Trail,1,July,1,2018,10:00-12:00 PM,No,6/24/18 10am-12pm,0,5,0,0,0,0
2018-07-09 11:17:32,2018-07-09 11:41:15,Survey Preview,,100,1422,True,2018-07-09 11:42:03,R_3IWAInZxRp7Ch7P,,,,,44.805404663086,-93.624801635742,preview,EN,JJ,Washington County,Cottage Grove Ravine Regional Park,1,June,30,2018,10:00-12:00 PM,Yes,,1,0,39,0,0,0
2018-07-09 11:41:17,2018-07-09 11:42:46,Survey Preview,,100,88,True,2018-07-09 11:42:46,R_3M5buQkNRUblYoC,,,,,44.805404663086,-93.624801635742,preview,EN,JJ,Washington County,Point Douglas Regional Trail,2,June,30,2018,8:00-10:00 AM,No,6/23/18 8-10am,6,3,0,0,0,0
2018-07-09 11:42:48,2018-07-09 11:43:45,Survey Preview,,100,56,True,2018-07-09 11:43:45,R_2ebwnNmFlANEKGS,,,,,45.002807617188,-93.08260345459,preview,EN,JJ,Washington County,Point Douglas Regional Trail,1,June,29,2018,12:00-2:00 PM,Yes,,4,12,0,0,0,0
2018-07-09 11:43:54,2018-07-09 11:44:28,Survey Preview,,100,34,True,2018-07-09 11:44:29,R_28U6aeEjbtK8XAB,,,,,45.002807617188,-93.08260345459,preview,EN,MC,Washington County,Point Douglas Regional Trail,2,June,18,2018,10:00-12:00 PM,Yes,,0,0,0,0,0,0
2018-07-09 11:44:31,2018-07-09 11:45:12,Survey Preview,,100,41,True,2018-07-09 11:45:13,R_yyBZsKtg4mruFbj,,,,,45.002807617188,-93.08260345459,preview,EN,MC,Washington County,Point Douglas Regional Trail,2,June,25,2018,6:00-8:00 PM,Yes,,6,3,0,0,0,0
2018-07-09 11:45:17,2018-07-09 11:46:03,Survey Preview,,100,45,True,2018-07-09 11:46:03,R_12z4Wg4hOYXqniP,,,,,45.002807617188,-93.08260345459,preview,EN,MC,Washington County,Point Douglas Regional Trail,1,June,14,2018,6:00-8:00 PM,Yes,,4,2,0,0,0,0
2018-07-09 11:46:06,2018-07-09 11:46:45,Survey Preview,,100,39,True,2018-07-09 11:46:46,R_2QrjCYk840RVULm,,,,,44.805404663086,-93.624801635742,preview,EN,MC,Washington County,Cottage Grove Ravine Regional Park,1,June,24,2018,12:00-2:00 PM,Yes,,1,0,97,0,0,0
2018-07-26 12:21:50,2018-07-26 12:23:13,Survey Preview,,100,83,True,2018-07-26 12:23:14,R_4HFBiD5NNlLFQs1,,,,,44.805404663086,-93.624801635742,preview,EN,GJ,Washington County,St. Croix Bluffs Regional Park,1,July,24,2018,10:00-12:00 PM,Yes,,0,0,27,0,0,0
2018-07-26 12:23:16,2018-07-26 12:23:58,Survey Preview,,100,42,True,2018-07-26 12:23:59,R_3QEPdsFexikGtnQ,,,,,44.805404663086,-93.624801635742,preview,EN,RR,Washington County,Lake Elmo Park Reserve,1,July,15,2018,4:00-6:00 PM,Yes,,4,0,210,0,0,0
2018-07-26 12:24:03,2018-07-26 12:24:41,Survey Preview,,100,37,True,2018-07-26 12:24:41,R_3rMW60eJOHTThwW,,,,,44.805404663086,-93.624801635742,preview,EN,MH,Washington County,Pine Point Regional Park,2,July,22,2018,8:00-10:00 AM,Yes,,30,5,0,0,6,0
2018-07-26 12:24:47,2018-07-26 12:25:27,Survey Preview,,100,39,True,2018-07-26 12:25:27,R_2XicdgUfAj9H0A2,,,,,44.805404663086,-93.624801635742,preview,EN,MH,Washington County,Pine Point Regional Park,1,July,21,2018,8:00-10:00 AM,Yes,,15,3,13,0,0,0
2018-07-26 12:25:31,2018-07-26 12:28:50,Survey Preview,,100,198,True,2018-07-26 12:28:50,R_eK9cwvkppXmzVZf,,,,,44.805404663086,-93.624801635742,preview,EN,IS,Washington County,Square Lake Special Recreation Feature,1,July,21,2018,10:00-12:00 PM,Yes,,17,4,81,0,0,0
2018-07-26 12:29:00,2018-07-26 12:30:08,Survey Preview,,100,67,True,2018-07-26 12:30:09,R_SNzRCX4RrrWAu2d,,,,,44.805404663086,-93.624801635742,preview,EN,GS,Washington County,Lake Elmo Park Reserve,1,July,21,2018,10:00-12:00 PM,Yes,,9,3,196,0,6,0
2018-07-26 12:30:10,2018-07-26 12:31:01,Survey Preview,,100,50,True,2018-07-26 12:31:01,R_3iU7dfdRLryzYH1,,,,,44.805404663086,-93.624801635742,preview,EN,SR,Washington County,St. Croix Bluffs Regional Park,1,July,22,2018,8:00-10:00 AM,Yes,,0,0,46,0,0,0
2018-07-26 12:31:02,2018-07-26 12:31:40,Survey Preview,,100,37,True,2018-07-26 12:31:40,R_4NNqZQQtyXMkelj,,,,,44.805404663086,-93.624801635742,preview,EN,SR,Washington County,St. Croix Bluffs Regional Park,1,July,21,2018,12:00-2:00 PM,Yes,,0,0,53,0,0,0
2018-07-26 12:31:49,2018-07-26 12:32:27,Survey Preview,,100,38,True,2018-07-26 12:32:28,R_2tfEXeWdkJoCqNU,,,,,44.805404663086,-93.624801635742,preview,EN,IS,Washington County,Hardwood Creek Regional Park,7,July,15,2018,8:00-10:00 AM,Yes,,43,3,0,0,2,0
2018-07-26 12:32:37,2018-07-26 12:33:09,Survey Preview,,100,32,True,2018-07-26 12:33:10,R_SCQwnXpWfgS6C3v,,,,,44.805404663086,-93.624801635742,preview,EN,IS,Washington County,Hardwood Creek Regional Park,13,July,14,2018,8:00-10:00 AM,Yes,,37,7,0,0,0,0
2018-07-26 12:33:13,2018-07-26 12:33:54,Survey Preview,,100,41,True,2018-07-26 12:33:55,R_2tupLOFFloq9haN,,,,,44.805404663086,-93.624801635742,preview,EN,IS,Washington County,Pine Point Regional Park,2,July,5,2018,6:00-8:00 PM,Yes,,21,1,0,0,0,0
2018-07-26 12:33:58,2018-07-26 12:34:29,Survey Preview,,100,30,True,2018-07-26 12:34:29,R_ykV3wgVof4fusnv,,,,,44.805404663086,-93.624801635742,preview,EN,MS,Washington County,Hardwood Creek Regional Park,15,July,7,2018,8:00-10:00 AM,Yes,,19,9,0,0,0,0
2018-07-26 12:34:33,2018-07-26 12:35:01,Survey Preview,,100,28,True,2018-07-26 12:35:02,R_2t2Ovp7oqQWYW5a,,,,,44.805404663086,-93.624801635742,preview,EN,IS,Washington County,Pine Point Regional Park,2,July,8,2018,4:00-6:00 PM,Yes,,20,1,0,0,0,0
2018-07-26 12:35:04,2018-07-26 12:35:50,Survey Preview,,100,46,True,2018-07-26 12:35:51,R_3Ma6HmSLLGrDVrQ,,,,,44.805404663086,-93.624801635742,preview,EN,GR,Washington County,Lake Elmo Park Reserve,1,July,14,2018,2:00-4:00 PM,Yes,,8,1,279,0,0,0
2018-07-26 12:35:52,2018-07-26 12:36:25,Survey Preview,,100,33,True,2018-07-26 12:36:26,R_PToCVl6WEJ7vUM9,,,,,44.805404663086,-93.624801635742,preview,EN,IS,Washington County,Square Lake Special Recreation Feature,1,July,11,2018,2:00-4:00 PM,Yes,,3,0,41,0,0,0
2018-07-26 12:36:30,2018-07-26 12:37:05,Survey Preview,,100,35,True,2018-07-26 12:37:05,R_2uKB3tVhDPMXYG6,,,,,44.805404663086,-93.624801635742,preview,EN,IS,Washington County,Square Lake Special Recreation Feature,1,July,11,2018,4:00-6:00 PM,Yes,,1,0,51,0,0,0
2018-07-26 12:46:33,2018-07-26 12:47:08,Survey Preview,,100,35,True,2018-07-26 12:47:09,R_2tETRC8GwL7on8n,,,,,44.805404663086,-93.624801635742,preview,EN,EJ,Washington County,St. Croix Bluffs Regional Park,1,July,10,2018,12:00-2:00 PM,Yes,,0,0,11,0,0,0
2018-07-31 10:00:13,2018-07-31 11:24:24,Survey Preview,,100,5051,True,2018-07-31 11:24:24,R_Cf3i046s3n6Je9z,,,,,44.805404663086,-93.624801635742,preview,EN,RR,Washington County,Lake Elmo Park Reserve,1,July,28,2018,10:00-12:00 PM,Yes,,16,1,269,0,4,0
2018-07-31 11:24:30,2018-07-31 11:25:33,Survey Preview,,100,63,True,2018-07-31 11:25:34,R_3iOkWzMEr3M5JpV,,,,,44.805404663086,-93.624801635742,preview,EN,JJ,Washington County,Point Douglas Regional Trail,1,July,29,2018,8:00-10:00 AM,Yes,,5,7,0,0,0,0
2018-07-31 11:25:36,2018-07-31 11:26:33,Survey Preview,,100,56,True,2018-07-31 11:26:33,R_1DOSOSm5U2uCJAp,,,,,44.805404663086,-93.624801635742,preview,EN,JJ,Washington County,Cottage Grove Ravine Regional Park,1,July,25,2018,4:00-6:00 PM,Yes,,1,0,19,0,0,0
2018-07-31 11:26:35,2018-07-31 11:27:16,Survey Preview,,100,40,True,2018-07-31 11:27:17,R_2eXBZMx8lAQ1IK4,,,,,44.805404663086,-93.624801635742,preview,EN,JJ,Washington County,Point Douglas Regional Trail,2,July,21,2018,2:00-4:00 PM,Yes,,18,2,0,0,0,0
2018-07-31 11:27:18,2018-07-31 11:29:02,Survey Preview,,100,103,True,2018-07-31 11:29:02,R_24bBxzZk1CBiUUU,,,,,44.805404663086,-93.624801635742,preview,EN,JJ,Washington County,Cottage Grove Ravine Regional Park,2,July,8,2018,4:00-6:00 PM,Yes,,4,4,0,0,0,0
2018-07-31 11:29:03,2018-07-31 11:30:04,Survey Preview,,100,60,True,2018-07-31 11:30:05,R_RbjaE5gbSGorw65,,,,,44.805404663086,-93.624801635742,preview,EN,KN,Washington County,Pine Point Regional Park,1,July,28,2018,10:00-12:00 PM,Yes,,36,8,0,0,5,0
2018-07-31 11:30:06,2018-07-31 11:31:07,Survey Preview,,100,61,True,2018-07-31 11:31:08,R_3PA0RV8UrzXOLrP,,,,,44.805404663086,-93.624801635742,preview,EN,MS,Washington County,Big Marine Park Reserve,1,July,28,2018,6:00-8:00 PM,Yes,,8,7,20,0,0,0
2018-07-31 11:31:09,2018-07-31 11:32:31,Survey Preview,,100,82,True,2018-07-31 11:32:31,R_54FZFSM7StnygKZ,,,,,44.805404663086,-93.624801635742,preview,EN,MS,Washington County,Pine Point Regional Park,1,July,25,2018,8:00-10:00 AM,Yes,,7,1,15,0,3,0
2018-07-31 11:32:37,2018-07-31 11:33:14,Survey Preview,,100,37,True,2018-07-31 11:33:14,R_1Ny1bwKDhcvvPVm,,,,,44.805404663086,-93.624801635742,preview,EN,IS,Washington County,Big Marine Park Reserve,1,July,25,2018,4:00-6:00 PM,Yes,,7,9,19,0,0,0
2018-07-31 11:33:15,2018-07-31 11:34:12,Survey Preview,,100,56,True,2018-07-31 11:34:13,R_2fexm2MiZWF6PrX,,,,,44.805404663086,-93.624801635742,preview,EN,IS,Washington County,Hardwood Creek Regional Park,1,July,22,2018,12:00-2:00 PM,Yes,,7,7,0,0,0,0
2018-07-31 11:34:14,2018-07-31 11:35:10,Survey Preview,,100,56,True,2018-07-31 11:35:11,R_2X5HJnxfM6owXNN,,,,,44.805404663086,-93.624801635742,preview,EN,BF,Washington County,Pine Point Regional Park,1,June,30,2018,4:00-6:00 PM,Yes,,12,7,22,0,0,0
2018-07-31 11:35:12,2018-07-31 11:35:59,Survey Preview,,100,46,True,2018-07-31 11:36:00,R_1Kscq4SiOQJjnSf,,,,,44.805404663086,-93.624801635742,preview,EN,IS,Washington County,Hardwood Creek Regional Park,2,June,29,2018,8:00-10:00 AM,Yes,,17,13,0,0,2,0
2018-07-31 11:36:09,2018-07-31 11:36:48,Survey Preview,,100,39,True,2018-07-31 11:36:49,R_3OjNAjfeC7uucAd,,,,,44.805404663086,-93.624801635742,preview,EN,KN,Washington County,Square Lake Special Recreation Feature,1,June,28,2018,6:00-8:00 PM,Yes,,6,2,25,0,0,0
2018-07-31 11:36:50,2018-07-31 11:38:18,Survey Preview,,100,87,True,2018-07-31 11:38:18,R_PXJGPAy9LxiUIKd,,,,,44.805404663086,-93.624801635742,preview,EN,IS,Washington County,Hardwood Creek Regional Park,2,June,25,2018,4:00-6:00 PM,Yes,,21,4,0,0,0,0
2018-07-31 11:38:20,2018-07-31 11:39:02,Survey Preview,,100,42,True,2018-07-31 11:39:02,R_3PFA4gMba7qWCmB,,,,,44.805404663086,-93.624801635742,preview,EN,MH,Washington County,Pine Point Regional Park,2,June,24,2018,6:00-8:00 PM,Yes,,0,0,0,0,0,0
2018-07-31 11:39:07,2018-07-31 11:39:45,Survey Preview,,100,37,True,2018-07-31 11:39:45,R_BRKXRnugAQpIKZP,,,,,44.805404663086,-93.624801635742,preview,EN,MS,Washington County,Big Marine Park Reserve,1,June,23,2018,6:00-8:00 PM,Yes,,0,0,28,0,0,0
2018-07-31 11:39:47,2018-07-31 11:40:43,Survey Preview,,100,56,True,2018-07-31 11:40:44,R_qQqfr89IzYXXw3f,,,,,44.805404663086,-93.624801635742,preview,EN,IS,Washington County,Pine Point Regional Park,2,June,23,2018,12:00-2:00 PM,Yes,,57,13,0,0,4,0
2018-07-31 11:41:59,2018-07-31 11:42:29,Survey Preview,,100,29,True,2018-07-31 11:42:30,R_1LA4PqLN5LbG5Fi,,,,,44.805404663086,-93.624801635742,preview,EN,LG,Washington County,Big Marine Park Reserve,1,June,17,2018,12:00-2:00 PM,Yes,,0,0,44,0,0,0
2018-07-31 11:42:31,2018-07-31 11:43:10,Survey Preview,,100,38,True,2018-07-31 11:43:10,R_27jSGt0QyJqx62e,,,,,44.805404663086,-93.624801635742,preview,EN,LG,Washington County,Big Marine Park Reserve,1,June,14,2018,10:00-12:00 PM,Yes,,0,0,32,0,0,0
2018-07-31 11:43:11,2018-07-31 11:44:03,Survey Preview,,100,51,True,2018-07-31 11:44:04,R_3fHkJmV86XQn3Kg,,,,,44.805404663086,-93.624801635742,preview,EN,IS,Washington County,Pine Point Regional Park,2,June,13,2018,2:00-4:00 PM,Yes,,21,12,0,0,6,0
2018-07-31 11:44:05,2018-07-31 11:44:42,Survey Preview,,100,36,True,2018-07-31 11:44:43,R_2WVlx3YfL6CqfIC,,,,,44.805404663086,-93.624801635742,preview,EN,MH,Washington County,Hardwood Creek Regional Park,7,June,13,2018,8:00-10:00 AM,Yes,,4,5,0,0,3,0
2018-07-31 11:44:44,2018-07-31 11:45:32,Survey Preview,,100,47,True,2018-07-31 11:45:33,R_CaIeqzv0sBvdwNr,,,,,44.805404663086,-93.624801635742,preview,EN,MS,Washington County,Pine Point Regional Park,1,June,12,2018,8:00-10:00 AM,Yes,,12,3,15,0,4,0
2018-07-31 11:45:35,2018-07-31 11:46:09,Survey Preview,,100,34,True,2018-07-31 11:46:10,R_2wnOjDwZduVDeyc,,,,,44.805404663086,-93.624801635742,preview,EN,MS,Washington County,Big Marine Park Reserve,1,June,11,2018,4:00-6:00 PM,Yes,,6,4,25,0,0,0
2018-07-31 11:46:10,2018-07-31 11:46:56,Survey Preview,,100,45,True,2018-07-31 11:46:56,R_9yKoCOXQTFL99oB,,,,,44.805404663086,-93.624801635742,preview,EN,MH,Washington County,Hardwood Creek Regional Park,1,June,10,2018,4:00-6:00 PM,Yes,,7,8,0,0,13,0
2018-07-31 11:52:21,2018-07-31 11:52:56,Survey Preview,,100,35,True,2018-07-31 11:52:57,R_30kuReSyeXpNkYG,,,,,44.805404663086,-93.624801635742,preview,EN,IS,Washington County,Pine Point Regional Park,2,June,17,2018,2:00-4:00 PM,Yes,,22,2,0,0,0,0
2018-07-31 11:52:57,2018-07-31 11:53:58,Survey Preview,,100,60,True,2018-07-31 11:53:59,R_1pyVT7A5i5vxe11,,,,,44.805404663086,-93.624801635742,preview,EN,JR,Washington County,Big Marine Park Reserve,1,June,18,2018,2:00-4:00 PM,Yes,,0,1,9,0,0,0
2018-08-16 11:11:04,2018-08-16 11:12:36,Survey Preview,,100,92,True,2018-08-16 11:12:40,R_WBWEUX8SAweyDF7,,,,,44.805404663086,-93.624801635742,preview,EN,jj,Washington County,Point Douglas Regional Trail,2,August,5,2018,10:00-12:00 PM,No,8/12/18 10am-12pm,25,3,0,0,0,0
2018-08-16 12:43:40,2018-08-16 12:45:53,Survey Preview,,100,133,True,2018-08-16 12:45:53,R_p0j5wVpwPYTC8QF,,,,,44.805404663086,-93.624801635742,preview,EN,jj,Washington County,Point Douglas Regional Trail,2,August,4,2018,6:00-8:00 PM,Yes,,3,1,0,0,0,0
2018-08-16 12:46:05,2018-08-16 12:46:34,Survey Preview,,100,29,True,2018-08-16 12:46:34,R_2cq4yCBEOh5FsHT,,,,,44.805404663086,-93.624801635742,preview,EN,jj,Washington County,Point Douglas Regional Trail,2,August,1,2018,2:00-4:00 PM,Yes,,6,2,0,0,0,0
2018-08-16 12:46:37,2018-08-16 12:47:10,Survey Preview,,100,33,True,2018-08-16 12:47:11,R_27W5bu3PWapVVhV,,,,,44.805404663086,-93.624801635742,preview,EN,jj,Washington County,Point Douglas Regional Trail,2,August,11,2018,8:00-10:00 AM,Yes,,29,2,0,0,0,0
2018-08-16 12:47:12,2018-08-16 12:47:52,Survey Preview,,100,39,True,2018-08-16 12:47:53,R_3R42ua5HP15cqt3,,,,,44.805404663086,-93.624801635742,preview,EN,jj,Washington County,Point Douglas Regional Trail,1,August,11,2018,12:00-2:00 PM,No,8/18/18 12-2pm,13,1,0,0,0,0
2018-08-16 12:47:56,2018-08-16 12:48:38,Survey Preview,,100,42,True,2018-08-16 12:48:38,R_1OxK5Rff8bTNrlV,,,,,44.805404663086,-93.624801635742,preview,EN,jj,Washington County,Point Douglas Regional Trail,2,August,11,2018,4:00-6:00 PM,No,8/18/18 4-6pm,4,3,0,0,0,0
2018-08-16 12:48:43,2018-08-16 12:54:38,Survey Preview,,100,355,True,2018-08-16 12:54:39,R_2w0LQyrNxt5Niwt,,,,,44.805404663086,-93.624801635742,preview,EN,jj,Washington County,Point Douglas Regional Trail,2,August,11,2018,6:00-8:00 PM,Yes,,0,0,0,0,0,0
2018-08-16 12:54:43,2018-08-16 12:57:28,Survey Preview,,100,164,True,2018-08-16 12:57:28,R_1pnukdxEyJ64FO4,,,,,44.805404663086,-93.624801635742,preview,EN,jj,Washington County,Point Douglas Regional Trail,1,August,8,2018,12:00-2:00 PM,No,8/15/18 12-2pm,7,0,0,0,0,0
2018-08-16 12:57:30,2018-08-16 12:58:26,Survey Preview,,100,56,True,2018-08-16 12:58:27,R_1hXXVAJcll3HGj1,,,,,44.805404663086,-93.624801635742,preview,EN,mh,Washington County,Point Douglas Regional Trail,1,August,12,2018,8:00-10:00 AM,No,8/19/18 8-10am,18,9,0,0,0,0
2018-08-16 12:58:32,2018-08-16 12:59:16,Survey Preview,,100,44,True,2018-08-16 12:59:17,R_1GHPSZzABVs3OsF,,,,,44.805404663086,-93.624801635742,preview,EN,mh,Washington County,Point Douglas Regional Trail,2,August,12,2018,6:00-8:00 PM,Yes,,2,0,0,0,0,0
2018-08-16 12:59:23,2018-08-16 12:59:56,Survey Preview,,100,33,True,2018-08-16 12:59:57,R_2U5RJxCt23V30hh,,,,,44.805404663086,-93.624801635742,preview,EN,gs,Washington County,Lake Elmo Park Reserve,1,August,14,2018,12:00-2:00 PM,Yes,,0,0,60,0,0,0
2018-08-16 13:00:03,2018-08-16 13:00:30,Survey Preview,,100,26,True,2018-08-16 13:00:30,R_SBrf64F8bseiUF3,,,,,44.805404663086,-93.624801635742,preview,EN,gs,Washington County,Lake Elmo Park Reserve,1,August,13,2018,12:00-2:00 PM,Yes,,2,0,115,0,0,0
2018-08-16 13:00:34,2018-08-16 13:01:05,Survey Preview,,100,30,True,2018-08-16 13:01:05,R_1IWPZjyNtznT9rm,,,,,44.805404663086,-93.624801635742,preview,EN,sr,Washington County,St. Croix Bluffs Regional Park,1,August,12,2018,10:00-12:00 PM,Yes,,1,0,32,0,0,0
2018-08-16 13:01:40,2018-08-16 13:02:15,Survey Preview,,100,35,True,2018-08-16 13:02:16,R_2eP9rEAckw6pGEl,,,,,44.805404663086,-93.624801635742,preview,EN,jj,Washington County,Cottage Grove Ravine Regional Park,2,August,1,2018,2:00-4:00 PM,Yes,,0,4,0,0,0,0
2018-08-16 13:02:20,2018-08-16 13:02:48,Survey Preview,,100,27,True,2018-08-16 13:02:48,R_2CxGnbfupYkb26z,,,,,44.805404663086,-93.624801635742,preview,EN,RR,Washington County,Lake Elmo Park Reserve,1,August,4,2018,6:00-8:00 PM,Yes,,2,0,51,0,0,0
2018-08-16 13:02:49,2018-08-16 13:03:19,Survey Preview,,100,29,True,2018-08-16 13:03:20,R_3KuXKtaxmrlVxnz,,,,,44.805404663086,-93.624801635742,preview,EN,jj,Washington County,Cottage Grove Ravine Regional Park,2,August,4,2018,4:00-6:00 PM,Yes,,6,5,0,0,0,0
2018-08-16 13:03:23,2018-08-16 13:04:04,Survey Preview,,100,41,True,2018-08-16 13:04:04,R_21dOdYbg8elGXGF,,,,,44.805404663086,-93.624801635742,preview,EN,is,Washington County,Big Marine Park Reserve,1,August,5,2018,10:00-12:00 PM,Yes,,7,4,94,0,0,0
2018-08-16 13:04:05,2018-08-16 13:04:36,Survey Preview,,100,31,True,2018-08-16 13:04:37,R_3L27AoByHGxDTKx,,,,,44.805404663086,-93.624801635742,preview,EN,RR,Washington County,Lake Elmo Park Reserve,1,August,10,2018,8:00-10:00 AM,Yes,,4,0,182,0,0,0
2018-08-16 13:04:42,2018-08-16 13:05:10,Survey Preview,,100,28,True,2018-08-16 13:05:11,R_CgcEVHF8tWJ0Rfr,,,,,44.805404663086,-93.624801635742,preview,EN,jj,Washington County,Cottage Grove Ravine Regional Park,1,August,5,2018,2:00-4:00 PM,Yes,,2,0,19,0,0,0
2018-08-28 14:42:28,2018-08-28 14:43:24,Survey Preview,,100,56,True,2018-08-28 14:43:25,R_1rPr1aSkpSFm21t,,,,,45.064804077148,-92.847297668457,preview,EN,mh,Washington County,Cottage Grove Ravine Regional Park,1,August,18,2018,6:00-8:00 PM,Yes,,0,1,10,0,0,0
2018-08-28 14:43:30,2018-08-28 14:44:04,Survey Preview,,100,33,True,2018-08-28 14:44:04,R_22GnIVpjRYe9ezo,,,,,44.805404663086,-93.624801635742,preview,EN,is,Washington County,Pine Point Regional Park,1,July,29,2018,10:00-12:00 PM,Yes,,17,0,13,0,0,0
2018-08-28 14:44:11,2018-08-28 14:45:05,Survey Preview,,100,54,True,2018-08-28 14:45:06,R_Xvw7BGaNBDPFr4R,,,,,44.805404663086,-93.624801635742,preview,EN,MS,Washington County,Pine Point Regional Park,1,August,6,2018,2:00-4:00 PM,Yes,,17,3,14,0,0,0
2018-08-28 14:45:08,2018-08-28 14:45:44,Survey Preview,,100,36,True,2018-08-28 14:45:45,R_29cOfvS9ufcU48D,,,,,45.064804077148,-92.847297668457,preview,EN,KN,Washington County,Pine Point Regional Park,1,August,18,2018,2:00-4:00 PM,Yes,,19,11,24,0,0,0
2018-08-28 14:45:46,2018-08-28 14:47:09,Survey Preview,,100,83,True,2018-08-28 14:47:10,R_Qocun1rsoF0y7Lj,,,,,45.064804077148,-92.847297668457,preview,EN,MS,Washington County,Pine Point Regional Park,1,August,27,2018,12:00-2:00 PM,Yes,,8,0,11,0,0,0
2018-08-28 14:47:16,2018-08-28 14:47:47,Survey Preview,,100,30,True,2018-08-28 14:47:47,R_29gHAPOdemTsHxM,,,,,45.064804077148,-92.847297668457,preview,EN,kn,Washington County,Square Lake Special Recreation Feature,1,August,5,2018,8:00-10:00 AM,Yes,,7,2,24,0,0,0
2018-08-28 14:47:53,2018-08-28 14:48:35,Survey Preview,,100,41,True,2018-08-28 14:48:35,R_3fHPJwUmg1otpYB,,,,,45.064804077148,-92.847297668457,preview,EN,BF,Washington County,Square Lake Special Recreation Feature,1,August,8,2018,10:00-12:00 PM,Yes,,1,0,49,0,0,0
2018-08-28 14:48:47,2018-08-28 14:49:18,Survey Preview,,100,30,True,2018-08-28 14:49:18,R_3IYt52lwEfGFgUF,,,,,44.805404663086,-93.624801635742,preview,EN,IS,Washington County,Square Lake Special Recreation Feature,1,August,9,2018,6:00-8:00 PM,Yes,,11,5,43,0,0,0
2018-08-28 14:49:22,2018-08-28 14:50:20,Survey Preview,,100,57,True,2018-08-28 14:50:21,R_DOb3h7zoT9MIwDL,,,,,45.064804077148,-92.847297668457,preview,EN,IS,Washington County,Square Lake Special Recreation Feature,1,August,12,2018,4:00-6:00 PM,Yes,,12,2,87,0,0,0
2018-08-28 14:50:24,2018-08-28 14:55:46,Survey Preview,,100,322,True,2018-08-28 14:55:46,R_2vZGQU4WER3DgQw,,,,,45.064804077148,-92.847297668457,preview,EN,BF,Washington County,Big Marine Park Reserve,1,June,25,2018,2:00-4:00 PM,Yes,,1,0,44,0,0,0
2018-08-28 14:55:53,2018-08-28 14:58:28,Survey Preview,,100,155,True,2018-08-28 14:58:29,R_1hNn5AK5C01g2Xr,,,,,44.805404663086,-93.624801635742,preview,EN,MS,Washington County,Big Marine Park Reserve,1,August,11,2018,2:00-4:00 PM,Yes,,11,7,39,0,0,0
2018-08-28 14:58:34,2018-08-28 14:59:13,Survey Preview,,100,39,True,2018-08-28 14:59:14,R_2QXUWzQakg1svVf,,,,,45.064804077148,-92.847297668457,preview,EN,IS,Washington County,Big Marine Park Reserve,1,August,13,2018,12:00-2:00 PM,Yes,,0,3,29,0,0,0
2018-08-28 14:59:17,2018-08-28 14:59:53,Survey Preview,,100,35,True,2018-08-28 14:59:53,R_2QKHzuoE28QoGvd,,,,,45.064804077148,-92.847297668457,preview,EN,MS,Washington County,Big Marine Park Reserve,1,August,18,2018,4:00-6:00 PM,Yes,,6,0,36,0,0,0
2018-08-28 14:59:59,2018-08-28 15:00:32,Survey Preview,,100,33,True,2018-08-28 15:00:33,R_2691DbVNuIqR6HZ,,,,,45.064804077148,-92.847297668457,preview,EN,IS,Washington County,Big Marine Park Reserve,1,August,20,2018,2:00-4:00 PM,Yes,,2,1,24,0,0,0
2018-08-28 15:00:38,2018-08-28 15:01:12,Survey Preview,,100,34,True,2018-08-28 15:01:12,R_0GMjBw2UvPJJc5P,,,,,44.805404663086,-93.624801635742,preview,EN,LG,Washington County,Big Marine Park Reserve,1,August,26,2018,12:00-2:00 PM,Yes,,11,0,47,0,0,0
2018-08-28 15:06:35,2018-08-28 15:07:26,Survey Preview,,100,50,True,2018-08-28 15:07:26,R_2P0T4glkpIxD08H,,,,,45.064804077148,-92.847297668457,preview,EN,SH,Washington County,Point Douglas Regional Trail,1,June,23,2018,6:00-8:00 PM,Yes,,6,2,0,0,0,0
2018-08-28 15:07:36,2018-08-28 15:08:14,Survey Preview,,100,37,True,2018-08-28 15:08:16,R_1dbF9zPNnz1TlyR,,,,,45.064804077148,-92.847297668457,preview,EN,MH,Washington County,Point Douglas Regional Trail,1,August,21,2018,2:00-4:00 PM,No,8/28/18 2-4pm,8,2,0,0,0,0
2018-08-28 15:08:18,2018-08-28 15:09:02,Survey Preview,,100,43,True,2018-08-28 15:09:02,R_3MzWPDY2ncP1hke,,,,,45.064804077148,-92.847297668457,preview,EN,MH,Washington County,Point Douglas Regional Trail,2,August,19,2018,10:00-12:00 PM,No,8/26/18 10am-12pm,34,5,0,0,0,0
2018-08-28 15:09:08,2018-08-28 15:09:42,Survey Preview,,100,34,True,2018-08-28 15:09:43,R_Wcw4NvJtopwVuOR,,,,,45.064804077148,-92.847297668457,preview,EN,MH,Washington County,Point Douglas Regional Trail,2,August,19,2018,8:00-10:00 AM,No,8/26/18 8-10am,10,1,0,0,0,0
2018-08-28 15:09:46,2018-08-28 15:11:49,Survey Preview,,100,123,True,2018-08-28 15:11:50,R_3qjHMAkZRajIIto,,,,,45.064804077148,-92.847297668457,preview,EN,MH,Washington County,Point Douglas Regional Trail,1,August,20,2018,8:00-10:00 AM,No,8/27/18 8-10am,3,3,0,0,0,0
2018-08-28 15:11:51,2018-08-28 15:12:32,Survey Preview,,100,41,True,2018-08-28 15:12:33,R_2bVtxYcwdeNDJn4,,,,,44.805404663086,-93.624801635742,preview,EN,MH,Washington County,Point Douglas Regional Trail,1,August,18,2018,2:00-4:00 PM,No,8/25/18 2-4pm,11,8,0,0,0,0
2018-08-28 15:12:40,2018-08-28 15:13:07,Survey Preview,,100,26,True,2018-08-28 15:13:07,R_24OvCOhuCnC6QN3,,,,,45.064804077148,-92.847297668457,preview,EN,BF,Washington County,Hardwood Creek Regional Park,12,August,16,2018,2:00-4:00 PM,Yes,,14,1,0,0,0,0
2018-08-28 15:13:10,2018-08-28 15:13:42,Survey Preview,,100,31,True,2018-08-28 15:13:42,R_1Ca6em9if1mssBZ,,,,,45.064804077148,-92.847297668457,preview,EN,IS,Washington County,Hardwood Creek Regional Park,15,July,8,2018,10:00-12:00 PM,Yes,,26,13,0,0,0,0
2018-08-28 15:13:45,2018-08-28 15:14:15,Survey Preview,,100,29,True,2018-08-28 15:14:15,R_2ZHMbMquUSavqrY,,,,,44.805404663086,-93.624801635742,preview,EN,KN,Washington County,Hardwood Creek Regional Park,5,August,5,2018,2:00-4:00 PM,Yes,,6,21,0,0,0,0
2018-08-28 15:14:19,2018-08-28 15:14:53,Survey Preview,,100,33,True,2018-08-28 15:14:53,R_6zM6eOsqQPWvrI5,,,,,44.805404663086,-93.624801635742,preview,EN,MS,Washington County,Hardwood Creek Regional Park,1,August,8,2018,6:00-8:00 PM,Yes,,7,0,0,0,2,0
2018-08-28 15:15:00,2018-08-28 15:15:34,Survey Preview,,100,34,True,2018-08-28 15:15:35,R_TeaWIuIAj7spMIx,,,,,45.064804077148,-92.847297668457,preview,EN,KN,Washington County,Hardwood Creek Regional Park,15,August,9,2018,8:00-10:00 AM,Yes,,14,6,0,0,0,0
2018-08-28 15:15:38,2018-08-28 15:16:47,Survey Preview,,100,69,True,2018-08-28 15:16:48,R_1OJglmaqMZRZhMM,,,,,45.064804077148,-92.847297668457,preview,EN,IS,Washington County,Hardwood Creek Regional Park,2,August,11,2018,10:00-12:00 PM,Yes,,19,12,0,0,0,0
2018-08-28 15:16:51,2018-08-28 15:17:20,Survey Preview,,100,29,True,2018-08-28 15:17:20,R_20P7axhRQXU8TB5,,,,,45.064804077148,-92.847297668457,preview,EN,MS,Washington County,Hardwood Creek Regional Park,2,August,15,2018,2:00-4:00 PM,Yes,,12,15,0,0,0,0
2018-08-28 15:17:26,2018-08-28 15:17:59,Survey Preview,,100,33,True,2018-08-28 15:17:59,R_3sskJ3uokDc84Zs,,,,,45.064804077148,-92.847297668457,preview,EN,MS,Washington County,Hardwood Creek Regional Park,5,August,20,2018,8:00-10:00 AM,Yes,,15,11,0,0,0,0
2018-08-28 15:18:04,2018-08-28 15:18:53,Survey Preview,,100,48,True,2018-08-28 15:18:54,R_2426VfgruAZqkxe,,,,,45.064804077148,-92.847297668457,preview,EN,KN,Washington County,Hardwood Creek Regional Park,16,August,26,2018,2:00-4:00 PM,Yes,,8,11,0,0,4,0
2018-09-17 21:29:26,2018-09-17 21:31:52,Survey Preview,,100,146,True,2018-09-17 21:31:52,R_3CZuzjiSyCtlir9,,,,,46.575393676758,-92.137802124023,preview,EN,sr,Washington County,St. Croix Bluffs Regional Park,1,August,29,2018,2:00-4:00 PM,Yes,,0,0,6,0,0,0
2018-09-17 21:31:55,2018-09-17 21:32:53,Survey Preview,,100,58,True,2018-09-17 21:32:54,R_1QE40LZPPD3EzBX,,,,,46.575393676758,-92.137802124023,preview,EN,sh,Washington County,Hardwood Creek Regional Park,1,September,3,2018,10:00-12:00 PM,Yes,,3,2,0,0,0,0
2018-09-17 21:33:06,2018-09-17 21:33:56,Survey Preview,,100,50,True,2018-09-17 21:33:57,R_vOg9ILlmsEYS9hf,,,,,44.725799560547,-93.06559753418,preview,EN,sh,Washington County,Point Douglas Regional Trail,2,September,3,2018,12:00-2:00 PM,Yes,,9,0,0,0,0,0
2018-09-17 21:34:03,2018-09-17 21:35:00,Survey Preview,,100,56,True,2018-09-17 21:35:00,R_3KOpkUJ1uHdUQ09,,,,,44.725799560547,-93.06559753418,preview,EN,ljm,Washington County,Cottage Grove Ravine Regional Park,1,September,1,2018,2:00-4:00 PM,Yes,,1,0,18,0,0,0
2018-09-17 21:35:21,2018-09-17 21:36:19,Survey Preview,,100,58,True,2018-09-17 21:36:20,R_2vc8p2hdPy4ukKN,,,,,44.725799560547,-93.06559753418,preview,EN,mc,Washington County,Point Douglas Regional Trail,1,July,30,2018,8:00-10:00 AM,Yes,,5,8,0,0,0,0
2018-09-17 21:36:43,2018-09-17 21:37:46,Survey Preview,,100,63,True,2018-09-17 21:37:46,R_22tSWOn4iGpswaW,,,,,44.725799560547,-93.06559753418,preview,EN,mc,Washington County,Point Douglas Regional Trail,2,August,27,2018,6:00-8:00 PM,Yes,,0,0,0,0,0,0
2018-09-17 21:37:50,2018-09-17 21:39:01,Survey Preview,,100,71,True,2018-09-17 21:39:02,R_1rCagZQN5RAG4ku,,,,,46.575393676758,-92.137802124023,preview,EN,mc,Washington County,Cottage Grove Ravine Regional Park,1,July,16,2018,10:00-12:00 PM,Yes,,0,0,13,0,0,0
2018-09-17 21:39:04,2018-09-17 21:41:13,Survey Preview,,100,128,True,2018-09-17 21:41:13,R_2AEhwpJXR3AQrWh,,,,,44.725799560547,-93.06559753418,preview,EN,mc,Washington County,Cottage Grove Ravine Regional Park,1,July,23,2018,12:00-2:00 PM,Yes,,1,0,17,0,0,0
2018-09-19 14:29:34,2018-09-19 14:30:22,Survey Preview,,100,48,True,2018-09-19 14:30:22,R_b7AGd9swJbzbvln,,,,,44.8054046630859375,-93.6248016357421875,preview,EN,sh,Washington County,Point Douglas Regional Trail,1,June,12,2018,6:00-8:00 PM,Yes,,2,2,0,0,0,0
2018-09-19 14:30:24,2018-09-19 14:31:17,Survey Preview,,100,53,True,2018-09-19 14:31:17,R_2QPrAnnXIycvdPR,,,,,45.0648040771484375,-92.84729766845703125,preview,EN,sh,Washington County,Point Douglas Regional Trail,2,July,14,2018,6:00-8:00 PM,Yes,,7,3,0,0,0,0
2018-09-19 14:31:20,2018-09-19 14:32:21,Survey Preview,,100,61,True,2018-09-19 14:32:21,R_22FUa0i1aCdbGeE,,,,,45.0648040771484375,-92.84729766845703125,preview,EN,sh,Washington County,Point Douglas Regional Trail,1,September,1,2018,8:00-10:00 AM,Yes,,9,2,0,0,0,0
2018-09-19 14:32:28,2018-09-19 14:33:06,Survey Preview,,100,37,True,2018-09-19 14:33:06,R_3fjZaGpJNf2e8UV,,,,,45.0648040771484375,-92.84729766845703125,preview,EN,sh,Washington County,Point Douglas Regional Trail,1,August,25,2018,2:00-4:00 PM,Yes,,8,3,0,0,0,0
2018-09-19 14:33:13,2018-09-19 14:46:29,Survey Preview,,100,796,True,2018-09-19 14:46:30,R_NVBauIqyhA3FbmV,,,,,45.0648040771484375,-92.84729766845703125,preview,EN,sh,Washington County,St. Croix Bluffs Regional Park,1,August,14,2018,6:00-8:00 PM,Yes,,0,0,11,0,0,0
2018-09-19 14:46:37,2018-09-19 14:47:32,Survey Preview,,100,55,True,2018-09-19 14:47:33,R_3EiNv3xL6BxUV9G,,,,,45.0648040771484375,-92.84729766845703125,preview,EN,ms,Washington County,Square Lake Special Recreation Feature,1,August,2,2018,12:00-2:00 PM,Yes,,0,0,15,0,0,0
2018-09-19 14:47:35,2018-09-19 14:48:36,Survey Preview,,100,61,True,2018-09-19 14:48:37,R_a3Ejy0QdNkbosEh,,,,,44.8054046630859375,-93.6248016357421875,preview,EN,bf,Washington County,Square Lake Special Recreation Feature,1,June,30,2018,10:00-12:00 PM,Yes,,1,0,42,0,0,0
2018-09-19 14:49:18,2018-09-19 14:50:22,Survey Preview,,100,64,True,2018-09-19 14:50:22,R_3pkUrgnnFXXWneK,,,,,45.0648040771484375,-92.84729766845703125,preview,EN,kn,Washington County,Pine Point Regional Park,1,August,23,2018,10:00-12:00 PM,Yes,,2,0,2,0,0,0
2018-09-19 14:50:23,2018-09-19 14:50:54,Survey Preview,,100,31,True,2018-09-19 14:50:55,R_1CrVg2yxTIXcG37,,,,,44.8054046630859375,-93.6248016357421875,preview,EN,sh,Washington County,Pine Point Regional Park,2,August,29,2018,10:00-12:00 PM,Yes,,7,3,0,0,0,0
2018-09-19 14:51:02,2018-09-19 14:52:09,Survey Preview,,100,66,True,2018-09-19 14:52:10,R_122OAtmGuCjrTjk,,,,,45.0648040771484375,-92.84729766845703125,preview,EN,rr,Washington County,Lake Elmo Park Reserve,1,July,4,2018,8:00-10:00 AM,Yes,,1,0,72,0,0,0
2018-09-19 14:52:17,2018-09-19 14:52:52,Survey Preview,,100,35,True,2018-09-19 14:52:53,R_3FR4nfCoRPy4K6P,,,,,45.0648040771484375,-92.84729766845703125,preview,EN,sh,Washington County,Big Marine Park Reserve,1,June,3,2018,2:00-4:00 PM,Yes,,2,0,26,0,0,0
2018-09-19 14:52:59,2018-09-19 14:53:35,Survey Preview,,100,36,True,2018-09-19 14:53:35,R_w7XOz1tsoyvGS4N,,,,,44.8054046630859375,-93.6248016357421875,preview,EN,ms,Washington County,Big Marine Park Reserve,1,June,9,2018,8:00-10:00 AM,Yes,,2,1,14,0,0,0
2018-09-19 14:53:38,2018-09-19 14:55:58,Survey Preview,,100,140,True,2018-09-19 14:55:59,R_28CkGiYdX2Yssgw,,,,,45.0648040771484375,-92.84729766845703125,preview,EN,kg,Washington County,Big Marine Park Reserve,1,August,27,2018,12:00-2:00 PM,Yes,,2,0,20,0,0,0
2018-09-19 14:56:00,2018-09-19 14:56:32,Survey Preview,,100,31,True,2018-09-19 14:56:32,R_XYRep7vfC2xoCIh,,,,,45.0648040771484375,-92.84729766845703125,preview,EN,is,Washington County,Big Marine Park Reserve,1,August,23,2018,6:00-8:00 PM,Yes,,2,1,17,0,0,0
